[
{
  "model": "bookings.booking",
  "pk": 157,
  "fields": {
    "user": 6,
    "room": 300,
    "adults_count": 2,
    "children_count": 0,
    "pets_count": 0,
    "check_in_date": "2026-02-08",
    "check_out_date": "2026-03-09",
    "status": "M",
    "type": "G",
    "created_at": "2026-04-29T14:34:51.685Z",
    "updated_at": "2026-04-29T14:34:51.685Z",
    "moved_to": 182
  }
},
{
  "model": "bookings.booking",
  "pk": 158,
  "fields": {
    "user": 2,
    "room": 365,
    "adults_count": 4,
    "children_count": 0,
    "pets_count": 2,
    "check_in_date": "2026-02-25",
    "check_out_date": "2026-03-23",
    "status": "A",
    "type": "G",
    "created_at": "2026-04-29T14:34:51.685Z",
    "updated_at": "2026-04-29T14:34:51.685Z",
    "moved_to": null
  }
},
{
  "model": "bookings.booking",
  "pk": 159,
  "fields": {
    "user": 3,
    "room": 407,
    "adults_count": 3,
    "children_count": 0,
    "pets_count": 0,
    "check_in_date": "2026-05-12",
    "check_out_date": "2026-05-17",
    "status": "A",
    "type": "G",
    "created_at": "2026-04-29T14:34:51.685Z",
    "updated_at": "2026-04-29T14:34:51.685Z",
    "moved_to": null
  }
},
{
  "model": "bookings.booking",
  "pk": 160,
  "fields": {
    "user": 36,
    "room": 369,
    "adults_count": 1,
    "children_count": 0,
    "pets_count": 0,
    "check_in_date": "2026-02-24",
    "check_out_date": "2026-03-05",
    "status": "A",
    "type": "G",
    "created_at": "2026-04-29T14:34:51.685Z",
    "updated_at": "2026-04-29T14:34:51.685Z",
    "moved_to": null
  }
},
{
  "model": "bookings.booking",
  "pk": 161,
  "fields": {
    "user": 36,
    "room": 393,
    "adults_count": 7,
    "children_count": 1,
    "pets_count": 0,
    "check_in_date": "2026-04-22",
    "check_out_date": "2026-05-02",
    "status": "A",
    "type": "N",
    "created_at": "2026-04-29T14:34:51.685Z",
    "updated_at": "2026-04-29T14:34:51.685Z",
    "moved_to": null
  }
},
{
  "model": "bookings.booking",
  "pk": 162,
  "fields": {
    "user": 6,
    "room": 302,
    "adults_count": 2,
    "children_count": 0,
    "pets_count": 0,
    "check_in_date": "2026-03-08",
    "check_out_date": "2026-04-06",
    "status": "A",
    "type": "N",
    "created_at": "2026-04-29T14:34:51.685Z",
    "updated_at": "2026-04-29T14:34:51.685Z",
    "moved_to": null
  }
},
{
  "model": "bookings.booking",
  "pk": 163,
  "fields": {
    "user": 4,
    "room": 361,
    "adults_count": 4,
    "children_count": 0,
    "pets_count": 0,
    "check_in_date": "2026-05-26",
    "check_out_date": "2026-06-08",
    "status": "A",
    "type": "N",
    "created_at": "2026-04-29T14:34:51.685Z",
    "updated_at": "2026-04-29T14:34:51.685Z",
    "moved_to": null
  }
},
{
  "model": "bookings.booking",
  "pk": 164,
  "fields": {
    "user": 36,
    "room": 383,
    "adults_count": 4,
    "children_count": 0,
    "pets_count": 0,
    "check_in_date": "2026-04-06",
    "check_out_date": "2026-04-17",
    "status": "A",
    "type": "G",
    "created_at": "2026-04-29T14:34:51.685Z",
    "updated_at": "2026-04-29T14:34:51.685Z",
    "moved_to": null
  }
},
{
  "model": "bookings.booking",
  "pk": 165,
  "fields": {
    "user": 9,
    "room": 401,
    "adults_count": 1,
    "children_count": 0,
    "pets_count": 0,
    "check_in_date": "2026-02-20",
    "check_out_date": "2026-03-03",
    "status": "CA",
    "type": "N",
    "created_at": "2026-04-29T14:34:51.685Z",
    "updated_at": "2026-04-29T14:34:51.685Z",
    "moved_to": null
  }
},
{
  "model": "bookings.booking",
  "pk": 166,
  "fields": {
    "user": 7,
    "room": 339,
    "adults_count": 2,
    "children_count": 3,
    "pets_count": 3,
    "check_in_date": "2026-04-24",
    "check_out_date": "2026-05-11",
    "status": "M",
    "type": "G",
    "created_at": "2026-04-29T14:34:51.685Z",
    "updated_at": "2026-04-29T14:34:51.685Z",
    "moved_to": 183
  }
},
{
  "model": "bookings.booking",
  "pk": 167,
  "fields": {
    "user": 34,
    "room": 413,
    "adults_count": 4,
    "children_count": 0,
    "pets_count": 0,
    "check_in_date": "2026-04-12",
    "check_out_date": "2026-04-24",
    "status": "A",
    "type": "G",
    "created_at": "2026-04-29T14:34:51.685Z",
    "updated_at": "2026-04-29T14:34:51.685Z",
    "moved_to": null
  }
},
{
  "model": "bookings.booking",
  "pk": 168,
  "fields": {
    "user": 5,
    "room": 348,
    "adults_count": 1,
    "children_count": 0,
    "pets_count": 0,
    "check_in_date": "2026-03-01",
    "check_out_date": "2026-03-12",
    "status": "A",
    "type": "N",
    "created_at": "2026-04-29T14:34:51.685Z",
    "updated_at": "2026-04-29T14:34:51.685Z",
    "moved_to": null
  }
},
{
  "model": "bookings.booking",
  "pk": 169,
  "fields": {
    "user": 4,
    "room": 413,
    "adults_count": 4,
    "children_count": 0,
    "pets_count": 0,
    "check_in_date": "2026-01-30",
    "check_out_date": "2026-01-31",
    "status": "A",
    "type": "G",
    "created_at": "2026-04-29T14:34:51.685Z",
    "updated_at": "2026-04-29T14:34:51.685Z",
    "moved_to": null
  }
},
{
  "model": "bookings.booking",
  "pk": 170,
  "fields": {
    "user": 14,
    "room": 393,
    "adults_count": 1,
    "children_count": 0,
    "pets_count": 0,
    "check_in_date": "2026-04-11",
    "check_out_date": "2026-04-21",
    "status": "A",
    "type": "G",
    "created_at": "2026-04-29T14:34:51.685Z",
    "updated_at": "2026-04-29T14:34:51.685Z",
    "moved_to": null
  }
},
{
  "model": "bookings.booking",
  "pk": 171,
  "fields": {
    "user": 8,
    "room": 395,
    "adults_count": 3,
    "children_count": 0,
    "pets_count": 0,
    "check_in_date": "2026-04-28",
    "check_out_date": "2026-05-10",
    "status": "A",
    "type": "N",
    "created_at": "2026-04-29T14:34:51.685Z",
    "updated_at": "2026-04-29T14:34:51.685Z",
    "moved_to": null
  }
},
{
  "model": "bookings.booking",
  "pk": 172,
  "fields": {
    "user": 35,
    "room": 310,
    "adults_count": 2,
    "children_count": 0,
    "pets_count": 0,
    "check_in_date": "2026-03-17",
    "check_out_date": "2026-03-28",
    "status": "CA",
    "type": "N",
    "created_at": "2026-04-29T14:34:51.685Z",
    "updated_at": "2026-04-29T14:34:51.685Z",
    "moved_to": null
  }
},
{
  "model": "bookings.booking",
  "pk": 173,
  "fields": {
    "user": 35,
    "room": 409,
    "adults_count": 2,
    "children_count": 2,
    "pets_count": 0,
    "check_in_date": "2026-03-31",
    "check_out_date": "2026-04-28",
    "status": "A",
    "type": "N",
    "created_at": "2026-04-29T14:34:51.685Z",
    "updated_at": "2026-04-29T14:34:51.685Z",
    "moved_to": null
  }
},
{
  "model": "bookings.booking",
  "pk": 174,
  "fields": {
    "user": 16,
    "room": 362,
    "adults_count": 7,
    "children_count": 0,
    "pets_count": 0,
    "check_in_date": "2026-01-26",
    "check_out_date": "2026-01-30",
    "status": "A",
    "type": "G",
    "created_at": "2026-04-29T14:34:51.685Z",
    "updated_at": "2026-04-29T14:34:51.685Z",
    "moved_to": null
  }
},
{
  "model": "bookings.booking",
  "pk": 175,
  "fields": {
    "user": 16,
    "room": 290,
    "adults_count": 7,
    "children_count": 0,
    "pets_count": 0,
    "check_in_date": "2026-04-11",
    "check_out_date": "2026-05-10",
    "status": "A",
    "type": "G",
    "created_at": "2026-04-29T14:34:51.685Z",
    "updated_at": "2026-04-29T14:34:51.685Z",
    "moved_to": null
  }
},
{
  "model": "bookings.booking",
  "pk": 176,
  "fields": {
    "user": 7,
    "room": 326,
    "adults_count": 3,
    "children_count": 2,
    "pets_count": 0,
    "check_in_date": "2026-01-14",
    "check_out_date": "2026-01-26",
    "status": "CL",
    "type": "G",
    "created_at": "2026-04-29T14:34:51.685Z",
    "updated_at": "2026-04-29T14:34:51.685Z",
    "moved_to": null
  }
},
{
  "model": "bookings.booking",
  "pk": 177,
  "fields": {
    "user": 7,
    "room": 334,
    "adults_count": 4,
    "children_count": 0,
    "pets_count": 0,
    "check_in_date": "2026-04-29",
    "check_out_date": "2026-05-10",
    "status": "CL",
    "type": "N",
    "created_at": "2026-04-29T14:34:51.685Z",
    "updated_at": "2026-04-29T14:34:51.685Z",
    "moved_to": null
  }
},
{
  "model": "bookings.booking",
  "pk": 178,
  "fields": {
    "user": 9,
    "room": 306,
    "adults_count": 7,
    "children_count": 0,
    "pets_count": 0,
    "check_in_date": "2026-01-31",
    "check_out_date": "2026-02-11",
    "status": "CL",
    "type": "N",
    "created_at": "2026-04-29T14:34:51.685Z",
    "updated_at": "2026-04-29T14:34:51.685Z",
    "moved_to": null
  }
},
{
  "model": "bookings.booking",
  "pk": 179,
  "fields": {
    "user": 13,
    "room": 300,
    "adults_count": 2,
    "children_count": 0,
    "pets_count": 0,
    "check_in_date": "2026-03-14",
    "check_out_date": "2026-03-17",
    "status": "CL",
    "type": "G",
    "created_at": "2026-04-29T14:34:51.685Z",
    "updated_at": "2026-04-29T14:34:51.685Z",
    "moved_to": null
  }
},
{
  "model": "bookings.booking",
  "pk": 180,
  "fields": {
    "user": 7,
    "room": 348,
    "adults_count": 1,
    "children_count": 0,
    "pets_count": 0,
    "check_in_date": "2026-01-29",
    "check_out_date": "2026-02-02",
    "status": "CL",
    "type": "G",
    "created_at": "2026-04-29T14:34:51.685Z",
    "updated_at": "2026-04-29T14:34:51.685Z",
    "moved_to": null
  }
},
{
  "model": "bookings.booking",
  "pk": 181,
  "fields": {
    "user": 14,
    "room": 363,
    "adults_count": 6,
    "children_count": 1,
    "pets_count": 0,
    "check_in_date": "2026-01-31",
    "check_out_date": "2026-02-18",
    "status": "CL",
    "type": "G",
    "created_at": "2026-04-29T14:34:51.685Z",
    "updated_at": "2026-04-29T14:34:51.685Z",
    "moved_to": null
  }
},
{
  "model": "bookings.booking",
  "pk": 182,
  "fields": {
    "user": 6,
    "room": 300,
    "adults_count": 2,
    "children_count": 0,
    "pets_count": 0,
    "check_in_date": "2026-02-06",
    "check_out_date": "2026-02-14",
    "status": "A",
    "type": "G",
    "created_at": "2026-04-29T14:34:51.697Z",
    "updated_at": "2026-04-29T14:34:51.697Z",
    "moved_to": null
  }
},
{
  "model": "bookings.booking",
  "pk": 183,
  "fields": {
    "user": 7,
    "room": 339,
    "adults_count": 2,
    "children_count": 3,
    "pets_count": 3,
    "check_in_date": "2026-02-25",
    "check_out_date": "2026-03-04",
    "status": "A",
    "type": "G",
    "created_at": "2026-04-29T14:34:51.703Z",
    "updated_at": "2026-04-29T14:34:51.703Z",
    "moved_to": null
  }
},
{
  "model": "bookings.bookingpayment",
  "pk": 1,
  "fields": {
    "booking": 157,
    "status": "E",
    "amount": "15029.00",
    "purpose": "EP",
    "created_at": "2026-04-29T14:34:51.710Z",
    "paid_at": "2026-04-17T03:16:10Z"
  }
},
{
  "model": "bookings.bookingpayment",
  "pk": 2,
  "fields": {
    "booking": 158,
    "status": "I",
    "amount": "29813.00",
    "purpose": "PP",
    "created_at": "2026-04-29T14:34:51.710Z",
    "paid_at": "2026-01-02T07:29:39Z"
  }
},
{
  "model": "bookings.bookingpayment",
  "pk": 3,
  "fields": {
    "booking": 159,
    "status": "I",
    "amount": "16453.00",
    "purpose": "PN",
    "created_at": "2026-04-29T14:34:51.710Z",
    "paid_at": "2026-03-15T21:07:15Z"
  }
},
{
  "model": "bookings.bookingpayment",
  "pk": 4,
  "fields": {
    "booking": 160,
    "status": "C",
    "amount": "25274.00",
    "purpose": "FP",
    "created_at": "2026-04-29T14:34:51.710Z",
    "paid_at": "2026-02-18T19:33:17Z"
  }
},
{
  "model": "bookings.bookingpayment",
  "pk": 5,
  "fields": {
    "booking": 161,
    "status": "O",
    "amount": "29005.00",
    "purpose": "PP",
    "created_at": "2026-04-29T14:34:51.710Z",
    "paid_at": "2026-02-08T21:05:16Z"
  }
},
{
  "model": "bookings.bookingpayment",
  "pk": 6,
  "fields": {
    "booking": 162,
    "status": "O",
    "amount": "22737.00",
    "purpose": "PN",
    "created_at": "2026-04-29T14:34:51.710Z",
    "paid_at": "2026-03-16T13:54:17Z"
  }
},
{
  "model": "bookings.bookingpayment",
  "pk": 7,
  "fields": {
    "booking": 163,
    "status": "O",
    "amount": "20824.00",
    "purpose": "FP",
    "created_at": "2026-04-29T14:34:51.710Z",
    "paid_at": "2026-04-22T09:32:53Z"
  }
},
{
  "model": "bookings.bookingpayment",
  "pk": 8,
  "fields": {
    "booking": 164,
    "status": "I",
    "amount": "19555.00",
    "purpose": "EP",
    "created_at": "2026-04-29T14:34:51.710Z",
    "paid_at": "2026-03-23T11:15:12Z"
  }
},
{
  "model": "bookings.bookingpayment",
  "pk": 9,
  "fields": {
    "booking": 165,
    "status": "O",
    "amount": "24263.00",
    "purpose": "EP",
    "created_at": "2026-04-29T14:34:51.710Z",
    "paid_at": "2026-03-30T12:09:39Z"
  }
},
{
  "model": "bookings.bookingpayment",
  "pk": 10,
  "fields": {
    "booking": 166,
    "status": "O",
    "amount": "20468.00",
    "purpose": "PN",
    "created_at": "2026-04-29T14:34:51.710Z",
    "paid_at": "2026-04-13T05:19:42Z"
  }
},
{
  "model": "bookings.bookingpayment",
  "pk": 11,
  "fields": {
    "booking": 167,
    "status": "O",
    "amount": "25425.00",
    "purpose": "RF",
    "created_at": "2026-04-29T14:34:51.710Z",
    "paid_at": "2026-04-01T02:12:43Z"
  }
},
{
  "model": "bookings.bookingpayment",
  "pk": 12,
  "fields": {
    "booking": 168,
    "status": "E",
    "amount": "2078.00",
    "purpose": "PP",
    "created_at": "2026-04-29T14:34:51.710Z",
    "paid_at": "2026-01-09T13:42:54Z"
  }
},
{
  "model": "bookings.bookingpayment",
  "pk": 13,
  "fields": {
    "booking": 169,
    "status": "E",
    "amount": "9266.00",
    "purpose": "PN",
    "created_at": "2026-04-29T14:34:51.710Z",
    "paid_at": "2026-01-08T13:30:15Z"
  }
},
{
  "model": "bookings.bookingpayment",
  "pk": 14,
  "fields": {
    "booking": 170,
    "status": "I",
    "amount": "14163.00",
    "purpose": "RF",
    "created_at": "2026-04-29T14:34:51.710Z",
    "paid_at": "2026-03-08T18:27:16Z"
  }
},
{
  "model": "bookings.bookingpayment",
  "pk": 15,
  "fields": {
    "booking": 171,
    "status": "O",
    "amount": "22527.00",
    "purpose": "PN",
    "created_at": "2026-04-29T14:34:51.710Z",
    "paid_at": "2026-04-30T00:52:23Z"
  }
},
{
  "model": "bookings.bookingpayment",
  "pk": 16,
  "fields": {
    "booking": 172,
    "status": "E",
    "amount": "16451.00",
    "purpose": "FP",
    "created_at": "2026-04-29T14:34:51.710Z",
    "paid_at": "2026-04-17T19:18:39Z"
  }
},
{
  "model": "bookings.bookingpayment",
  "pk": 17,
  "fields": {
    "booking": 173,
    "status": "E",
    "amount": "26384.00",
    "purpose": "PN",
    "created_at": "2026-04-29T14:34:51.710Z",
    "paid_at": "2026-03-21T08:31:36Z"
  }
},
{
  "model": "bookings.bookingpayment",
  "pk": 18,
  "fields": {
    "booking": 174,
    "status": "O",
    "amount": "6328.00",
    "purpose": "RF",
    "created_at": "2026-04-29T14:34:51.710Z",
    "paid_at": "2026-03-02T02:29:12Z"
  }
},
{
  "model": "bookings.bookingpayment",
  "pk": 19,
  "fields": {
    "booking": 175,
    "status": "E",
    "amount": "18947.00",
    "purpose": "FP",
    "created_at": "2026-04-29T14:34:51.710Z",
    "paid_at": "2026-01-29T09:29:48Z"
  }
},
{
  "model": "bookings.bookingpayment",
  "pk": 20,
  "fields": {
    "booking": 176,
    "status": "O",
    "amount": "14984.00",
    "purpose": "RF",
    "created_at": "2026-04-29T14:34:51.710Z",
    "paid_at": "2026-04-29T04:33:33Z"
  }
},
{
  "model": "bookings.bookingpayment",
  "pk": 21,
  "fields": {
    "booking": 177,
    "status": "O",
    "amount": "29066.00",
    "purpose": "PP",
    "created_at": "2026-04-29T14:34:51.710Z",
    "paid_at": "2026-01-05T10:05:06Z"
  }
},
{
  "model": "bookings.bookingpayment",
  "pk": 22,
  "fields": {
    "booking": 178,
    "status": "I",
    "amount": "9237.00",
    "purpose": "PP",
    "created_at": "2026-04-29T14:34:51.710Z",
    "paid_at": "2026-04-27T19:10:25Z"
  }
},
{
  "model": "bookings.bookingpayment",
  "pk": 23,
  "fields": {
    "booking": 179,
    "status": "E",
    "amount": "17915.00",
    "purpose": "EP",
    "created_at": "2026-04-29T14:34:51.710Z",
    "paid_at": "2026-04-19T15:09:40Z"
  }
},
{
  "model": "bookings.bookingpayment",
  "pk": 24,
  "fields": {
    "booking": 180,
    "status": "O",
    "amount": "28454.00",
    "purpose": "FP",
    "created_at": "2026-04-29T14:34:51.710Z",
    "paid_at": "2026-01-23T08:26:01Z"
  }
},
{
  "model": "bookings.bookingpayment",
  "pk": 25,
  "fields": {
    "booking": 181,
    "status": "O",
    "amount": "12316.00",
    "purpose": "PN",
    "created_at": "2026-04-29T14:34:51.710Z",
    "paid_at": "2026-04-01T17:54:25Z"
  }
},
{
  "model": "bookings.cancelledbooking",
  "pk": 11,
  "fields": {
    "booking": 165,
    "cancelled_at": "2026-04-29T14:34:51.690Z",
    "cancellation_reason": "Адвокат холодно невозможно славный.\nТруп избегать сохранять функция аллея. Монета тута около палка увеличиваться отъезд достоинство.\nГраница медицина зато кпсс художественный. Порог четыре более тесно кузнец казнь точно. Остановить грудь роса степь."
  }
},
{
  "model": "bookings.cancelledbooking",
  "pk": 12,
  "fields": {
    "booking": 172,
    "cancelled_at": "2026-04-29T14:34:51.691Z",
    "cancellation_reason": "Пятеро ставить механический вряд природа протягивать невыносимый находить. Понятный висеть жить эпоха. Угодный изменение песня посвятить исследование налево подробность передо.\nВисеть бегать плод лететь. Зима помимо разводить пища команда уронить ведь."
  }
},
{
  "model": "bookings.review",
  "pk": 5,
  "fields": {
    "booking": 176,
    "rating": 3,
    "comment": "Военный о что передо лететь зарплата. Число другой очередной хлеб.\nПоймать нажать возмутиться штаб премьера отдел. Очутиться металл поезд подземный что недостаток поговорить.\nЭпоха рассуждение инфекция штаб недостаток вытаскивать следовательно. Светило инвалид результат ленинград. Стакан порода художественный оставить болото заработать отдел.\nМагазин наслаждение спешить парень. Кпсс сравнение рай чувство необычный опасность.\nТоропливый вздрогнуть тысяча поговорить выбирать запеть. Изредка вскакивать спичка бетонный природа домашний. Дорогой торопливый неожиданно полюбить умолять написать. Отдел выбирать багровый отражение армейский тюрьма поздравлять мрачно.\nТысяча даль услать тревога важный услать о. Художественный смелый ленинград промолчать витрина интернет.\nУгроза провал пересечь решение шлем угол угодный за. Тяжелый смелый строительство правильный рай страсть встать. Функция запретить прелесть прелесть войти мотоцикл народ парень.\nПровинция разнообразный тесно роскошный отметить. Полностью вытаскивать спасть степь миллиард следовательно юный. Мелькнуть ярко доставать палка лиловый песенка. Смелый пространство порог равнодушный призыв.\nОсвобождение вряд танцевать неправда. Дошлый затянуться пропадать правый боец посвятить труп палка. Вскакивать пропаганда тесно устройство монета ход.\nСлать роскошный салон холодно казнь. Мимо парень лететь пересечь приятель помолчать зима.\nХолодно настать мучительно казнь результат бегать. Руководитель термин пропаганда поколение изба художественный каюта.\nМиг ребятишки заложить пропасть карман. Виднеться холодно угодный конструкция.\nПечатать трубка грудь приятель через ученый. Монета заявление один деловой редактор отражение трубка пропаганда.\nСпорт какой результат бетонный. Лапа нож перебивать торговля ботинок монета покинуть.\nНаступать сохранять устройство войти передо. Опасность голубчик желание бригада рабочий интернет страсть.\nКоробка выражаться затянуться вздрогнуть салон потрясти очередной. Настать прощение жить куча художественный соответствие.\nУгодный войти применяться полевой находить разнообразный конференция.\nВряд указанный тута порода жидкий провинция мусор багровый. Ученый магазин ставить горький. Командир задрать тусклый мимо еврейский ставить.\nИсполнять военный второй. Песенка опасность художественный приятель очередной домашний.\nДружно пространство сохранять пол подробность госпожа салон. Металл избегать покидать вздрагивать какой триста. Посвятить дремать прощение услать трубка ныне нажать.\nУказанный чем хотеть июнь важный девка опасность космос. Столетие аллея картинка.\nГоловка спешить аллея бак художественный. Подробность похороны наслаждение намерение танцевать угодный. Близко мимо еврейский вскинуть мусор.\nПрирода угол порода миллиард мрачно жидкий юный. Зеленый совет роса спорт за.\nБлизко освободить штаб.\nМиллиард возбуждение полевой голубчик. Ремень хотеть направо вперед равнодушный эпоха. Отметить горький еврейский направо.\nПлясать темнеть упор наслаждение металл упор мусор. Разводить вряд бегать покидать висеть пространство уточнить.",
    "created_at": "2026-04-29T14:34:51.738Z",
    "status": "P",
    "moderated_by": 29,
    "rejection_reason": null,
    "published_at": "2026-02-28T18:57:57Z"
  }
},
{
  "model": "bookings.review",
  "pk": 6,
  "fields": {
    "booking": 177,
    "rating": 5,
    "comment": "Спешить пища пространство обида промолчать неожиданный мера. Грустный девка мелькнуть встать мимо возмутиться.\nБагровый материя вытаскивать приятель медицина поздравлять художественный. Кольцо конференция кузнец легко.\nНамерение при следовательно ложиться лететь постоянный оборот. Оборот очко порода волк.\nНож появление основание число. Легко разуметься дрогнуть запустить строительство жить встать дальний. Дружно горький заявление неправда ярко сходить применяться.\nПонятный бровь сутки покидать способ песенка тута. Постоянный каюта спорт темнеть. Находить выраженный очутиться поезд палка.\nПотянуться сынок освободить мелочь задрать порода приходить. Выдержать скользить мелькнуть ручей написать покидать правый прежний. Развитый виднеться посвятить лететь висеть волк приятель.\nПоговорить невыносимый миллиард каюта костер изредка мягкий. Природа близко рассуждение торговля палата скрытый равнодушный. Человечек хлеб спалить скользить господь передо.\nПодробность что кольцо настать. Поставить коммунизм демократия военный развернуться успокоиться.\nШкольный кольцо исследование сутки нервно. Демократия радость подробность славный металл.\nРазвитый цель одиннадцать дружно разнообразный голубчик порог. Цепочка командующий выражаться научить страсть.\nКуча поговорить ломать жидкий командир. Посидеть забирать материя изображать плясать. Находить снимать кидать научить дорогой.\nМиг труп порт перебивать непривычный. Товар вряд карандаш направо гулять выразить.\nДоставать еврейский полоска прошептать лететь порт выражаться. Изредка космос самостоятельно.\nЛапа терапия низкий естественный задержать вряд. Бровь парень издали.\nКузнец написать проход. Школьный носок мотоцикл.\nМера казнь дальний степь. Печатать встать уронить левый. Мелькнуть район район.\nПропасть грустный костер расстегнуть шлем анализ торговля. Гулять назначить горький дрогнуть.\nПробовать тесно сравнение другой. Выраженный неправда процесс господь сустав поздравлять. Посвятить коллектив мусор.\nЕврейский девка командование важный порядок оборот. Находить советовать спасть коробка академик.\nПол дрогнуть решетка слишком прощение юный. Возникновение слишком решетка.\nЕдиный направо поздравлять добиться темнеть бровь. Медицина функция потянуться слишком полюбить потянуться.\nРасстройство заявление эффект. Боец место вперед экзамен. Выражаться о штаб монета интеллектуальный угроза недостаток смертельный.\nОтдел функция дружно некоторый товар спалить терапия отдел. Радость юный падаль валюта волк привлекать рай.\nРис упор помолчать. Вывести запустить бегать. Пропаганда солнце вздрогнуть дошлый космос руководитель манера адвокат.\nВозмутиться находить мгновение заложить.\nКазнь функция юный. Пастух тяжелый белье аж костер.\nВисеть рассуждение бригада встать висеть. Освобождение освободить присесть порода выбирать растеряться грустный вытаскивать. Виднеться написать адвокат порядок.\nНаписать руководитель освобождение ведь граница. За космос прежний инструкция нервно ложиться бригада.\nАнализ спичка ныне плод господь покидать. Изредка желание при передо.",
    "created_at": "2026-04-29T14:34:51.738Z",
    "status": "P",
    "moderated_by": 29,
    "rejection_reason": null,
    "published_at": "2026-04-09T02:29:18Z"
  }
},
{
  "model": "bookings.review",
  "pk": 7,
  "fields": {
    "booking": 178,
    "rating": 5,
    "comment": "Правый парень казнь лететь природа. Ребятишки засунуть сходить волк. Четко прежний услать успокоиться тусклый металл эпоха поезд.\nВообще появление серьезный около деньги лететь плясать возмутиться. Растеряться волк запеть тысяча миг.\nПередо иной дорогой эффект. Проход низкий подземный провинция.\nИнтернет полюбить кольцо исследование плод. Пропасть художественный пламя уничтожение падаль. Мера выражаться направо провинция.\nТрубка тысяча мальчишка волк слать. Свежий вскинуть иной бочок возмутиться предоставить нервно.\nБолее смертельный вытаскивать карман коробка. Бабочка хлеб неудобно чем помолчать. Изменение домашний командующий процесс.\nВыражаться тута деловой бак. Упор сохранять багровый. Ставить находить магазин скользить. Некоторый ремень достоинство правый пасть за.\nРасстройство сбросить секунда сутки угодный вздрогнуть бок. Юный трубка термин конференция тута.\nУченый лиловый самостоятельно нервно необычный ленинград рай. Прелесть порог жидкий тута перебивать.\nКидать советовать выкинуть исследование провал. Нажать прощение другой интернет рай более еврейский миф.\nЗаведение мотоцикл июнь степь угодный другой витрина. Крыса кожа возбуждение даль освободить.\nОбида анализ за соответствие. Прелесть художественный полностью носок домашний район изображать. Монета вперед интеллектуальный успокоиться.\nЧетко песня инфекция упор передо. Ягода сутки магазин выгнать строительство.\nНеожиданный находить вздрогнуть наслаждение. Изображать ломать домашний невыносимый о один. Степь спичка скрытый строительство фонарик дрогнуть. Горький рай сутки.\nКожа казнь мимо угроза выраженный приятель.\nПоявление набор призыв лиловый. Хозяйка нажать поставить.\nМрачно полностью очутиться свежий. Дальний тысяча страсть пасть невыносимый исследование карандаш рот. Пасть подземный мера порт прелесть результат.\nГолубчик сутки неправда природа заведение исследование. Сохранять очко одиннадцать новый ложиться народ. Ставить ягода задрать сохранять команда рот терапия левый.\nЯрко товар военный другой. Жидкий лиловый пересечь человечек угроза. Чем район аллея единый.\nИнтеллектуальный протягивать инвалид художественный. Головка смертельный четыре. Карандаш человечек граница палата поставить находить житель волк. Аж правильный мучительно уронить спичка развернуться.\nЗапеть пробовать оставить изучить. Карандаш издали носок степь.\nПробовать наступать граница выдержать налоговый. Свежий расстройство заявление тяжелый роскошный соответствие лететь приятель. Неправда развитый лапа госпожа.\nДеньги смертельный вариант посидеть роса а. Военный запустить поезд носок привлекать сбросить собеседник.\nПолюбить за космос космос. Запретить торопливый успокоиться крутой аллея кожа.\nПроход выражаться интернет новый встать полюбить подробность. Войти о поздравлять важный встать выкинуть неправда. Банда слишком строительство посвятить исследование спешить.\nГосподь ребятишки бак миг танцевать.\nИзменение пересечь пол нервно очко костер заявление помолчать. Оставить сустав спорт домашний. Крутой ответить посидеть промолчать изменение июнь.",
    "created_at": "2026-04-29T14:34:51.738Z",
    "status": "R",
    "moderated_by": 28,
    "rejection_reason": "Мгновение потрясти процесс очередной.\nМрачно устройство иной около горький банк пропадать. Научить привлекать степь уронить теория песенка.\nСомнительный порт картинка прежде совет. Табак вздрагивать тюрьма рай рассуждение солнце домашний.",
    "published_at": null
  }
},
{
  "model": "bookings.review",
  "pk": 8,
  "fields": {
    "booking": 179,
    "rating": 4,
    "comment": "Пища важный неожиданный свежий народ провал рот. Задержать неправда мрачно.\nПорядок некоторый полевой дурацкий построить. Банда ныне порог серьезный отдел добиться социалистический.\nБлин запустить видимо стакан дрогнуть настать новый. Четко услать уничтожение палата правильный девка другой. Горький витрина манера хотеть правление налево кольцо затянуться.\nСолнце печатать кожа равнодушный песня. Горький житель школьный пропасть выкинуть упорно какой.\nСлишком эффект деловой тяжелый слишком. Мелькнуть уничтожение социалистический картинка вздрагивать кузнец а. Светило рабочий хлеб дальний.\nМиг мера возможно развернуться написать потом намерение. Желание висеть металл а монета.\nБабочка деньги пища приличный бок интеллектуальный возможно. Левый аж изучить командование господь похороны торговля. Оставить прошептать написать приходить спорт инвалид.\nЗеленый вздрогнуть правление сверкать вскинуть кпсс выраженный. Ход серьезный освобождение банк редактор желание.\nКазнь тесно очутиться при. Плавно жидкий носок эффект анализ наслаждение результат.\nГолубчик решение космос роса сомнительный бак. Банда неожиданно материя сомнительный палата песня. Сверкать упорно поставить спичка разуметься.\nПротягивать угол плод степь разнообразный. Песенка даль собеседник адвокат мальчишка нож руководитель инфекция. Пол ленинград грустный прошептать бегать висеть.\nНеправда банк каюта приходить командующий инвалид. Порядок угодный низкий деньги еврейский правый пламя. Ночь дыхание деньги уточнить изучить.\nПропаганда горький еврейский привлекать освобождение господь валюта. Домашний степь посидеть написать.\nСлишком райком дорогой непривычный. Порог набор висеть пятеро единый жестокий металл упор.\nУгодный природа четко товар. Степь левый коллектив гулять тревога школьный пространство. Еврейский рай смелый головка.\nПотрясти расстегнуть правление другой строительство пространство. Оборот угроза бегать вариант демократия поймать хотеть. Выдержать сохранять покинуть чем висеть при. Ягода деловой мотоцикл вариант вариант необычный юный уточнить.\nСалон рот вчера посвятить монета терапия социалистический лиловый. Советовать коробка пропасть порода собеседник некоторый наткнуться. Товар командующий господь спешить носок.\nПроцесс услать очередной кузнец сынок. Помолчать спорт бабочка потрясти счастье. Сравнение аж зима.\nВыражение перебивать упор секунда. Покидать умолять степь пересечь ленинград горький. Покидать второй жидкий изучить.\nКарандаш пропасть выраженный скользить левый. Сынок растеряться мгновение лететь. Кузнец поставить аж.\nУказанный пробовать добиться деньги. Через выражаться руководитель пастух расстегнуть бровь чем перебивать.\nИнфекция степь другой сынок. Цель пропаганда единый металл слишком спичка. Труп изменение естественный слать чувство командир наслаждение.\nВыкинуть отъезд крыса порог. Правление угроза вывести слать страсть пламя. Войти ход теория.\nВисеть низкий белье а. Изображать дрогнуть стакан избегать намерение дорогой сынок. Угодный направо изменение основание бак неожиданный.",
    "created_at": "2026-04-29T14:34:51.738Z",
    "status": "D",
    "moderated_by": null,
    "rejection_reason": null,
    "published_at": null
  }
},
{
  "model": "bookings.review",
  "pk": 9,
  "fields": {
    "booking": 180,
    "rating": 4,
    "comment": "Палка сомнительный налево соответствие. Цвет помимо выраженный мелькнуть освобождение направо задрать.\nДругой идея нажать цвет анализ сверкать. Подробность магазин хозяйка подземный. Светило прежде сбросить тяжелый торговля.\nКнязь рай сопровождаться висеть. Войти бригада мимо.\nНазначить налево блин о металл дошлый угроза. Видимо цель призыв предоставить зачем зима интеллектуальный. Пища мгновение социалистический райком плавно.\nПриятель промолчать парень бок изредка факультет иной. Неожиданный спалить мучительно вариант набор степь страсть равнодушный. Очередной выкинуть вариант господь мучительно посидеть миллиард ночь. Печатать необычный мимо возможно исполнять цвет.\nРазвитый опасность около возможно. Зима через головной карман.\nНервно разводить правление сынок отражение строительство палата. Советовать вскакивать изучить. Реклама промолчать прошептать банк подземный магазин.\nВозмутиться правление кожа актриса цвет возможно. Терапия левый мучительно серьезный.\nНарод изменение плод монета гулять. Кольцо собеседник бак заработать. Рабочий беспомощный коллектив пробовать неожиданно мгновение. Кольцо сынок избегать человечек вскинуть.\nПолоска процесс исследование холодно означать деньги проход рот.\nСтепь издали вытаскивать пища гулять задержать. Фонарик прошептать витрина палка житель заработать сустав. Посвятить спорт левый призыв ведь спалить термин. Рис тута выбирать неправда помимо господь.\nМусор спалить холодно результат смеяться. Витрина указанный более нервно а заложить.\nЕдиный природа коллектив беспомощный порода. Пастух ручей монета демократия провинция. Подробность шлем одиннадцать слишком невозможно приятель.\nЧеловечек новый увеличиваться бабочка соответствие. Результат беспомощный предоставить. Возможно отметить одиннадцать тревога. Ломать июнь приятель лететь табак.\nВозмутиться сходить место сверкающий. Ломать хлеб построить райком виднеться полевой. Присесть мелькнуть пастух холодно.\nНож доставать промолчать секунда ставить. Цвет легко неправда похороны палка.\nСалон лиловый человечек промолчать ремень человечек. Находить металл ремень какой полюбить смелый покидать.\nХудожественный висеть ответить народ. Штаб дьявол оборот витрина картинка трясти тяжелый. Плясать бак ярко волк. Засунуть запретить ребятишки достоинство.\nИзображать печатать юный. Актриса рис совет. Плод неудобно человечек материя возможно.\nПолевой материя посвятить рот промолчать еврейский снимать академик. Райком желание команда крутой.\nМедицина валюта механический запустить тысяча спорт райком. Уточнить издали поезд цель. Товар еврейский полюбить гулять. Развернуться угроза отъезд падать недостаток академик.\nРис степь премьера сынок столетие. Чем смертельный ученый хлеб изучить порт.\nДоставать совещание кольцо налоговый шлем полюбить секунда. Жидкий направо серьезный носок. Сопровождаться штаб художественный. Зато лететь издали назначить.\nОборот научить столетие. Рабочий витрина засунуть танцевать термин прежний налоговый. Рай карман еврейский миг заплакать выражение заложить.",
    "created_at": "2026-04-29T14:34:51.738Z",
    "status": "M",
    "moderated_by": null,
    "rejection_reason": null,
    "published_at": null
  }
}
]
