[
{
  "model": "bookings.booking",
  "pk": 65,
  "fields": {
    "guest": 7,
    "room": 76,
    "adults_count": 2,
    "children_count": 0,
    "pets_count": 0,
    "check_in_date": "2026-03-18",
    "check_out_date": "2026-03-28",
    "status": "M",
    "type": "G",
    "created_at": "2026-05-04T14:23:22.860Z",
    "updated_at": "2026-05-04T14:23:22.860Z",
    "moved_to": 95
  }
},
{
  "model": "bookings.booking",
  "pk": 66,
  "fields": {
    "guest": 23,
    "room": 54,
    "adults_count": 5,
    "children_count": 0,
    "pets_count": 0,
    "check_in_date": "2026-02-06",
    "check_out_date": "2026-02-14",
    "status": "CA",
    "type": "G",
    "created_at": "2026-05-04T14:23:22.860Z",
    "updated_at": "2026-05-04T14:23:22.860Z",
    "moved_to": null
  }
},
{
  "model": "bookings.booking",
  "pk": 67,
  "fields": {
    "guest": 24,
    "room": 85,
    "adults_count": 1,
    "children_count": 0,
    "pets_count": 0,
    "check_in_date": "2026-05-19",
    "check_out_date": "2026-05-29",
    "status": "A",
    "type": "G",
    "created_at": "2026-05-04T14:23:22.860Z",
    "updated_at": "2026-05-04T14:23:22.860Z",
    "moved_to": null
  }
},
{
  "model": "bookings.booking",
  "pk": 68,
  "fields": {
    "guest": 2,
    "room": 100,
    "adults_count": 9,
    "children_count": 0,
    "pets_count": 0,
    "check_in_date": "2026-04-19",
    "check_out_date": "2026-05-10",
    "status": "A",
    "type": "G",
    "created_at": "2026-05-04T14:23:22.860Z",
    "updated_at": "2026-05-04T14:23:22.860Z",
    "moved_to": null
  }
},
{
  "model": "bookings.booking",
  "pk": 69,
  "fields": {
    "guest": 5,
    "room": 80,
    "adults_count": 4,
    "children_count": 5,
    "pets_count": 0,
    "check_in_date": "2026-02-06",
    "check_out_date": "2026-02-14",
    "status": "A",
    "type": "G",
    "created_at": "2026-05-04T14:23:22.860Z",
    "updated_at": "2026-05-04T14:23:22.860Z",
    "moved_to": null
  }
},
{
  "model": "bookings.booking",
  "pk": 70,
  "fields": {
    "guest": 12,
    "room": 68,
    "adults_count": 2,
    "children_count": 0,
    "pets_count": 0,
    "check_in_date": "2026-02-03",
    "check_out_date": "2026-02-06",
    "status": "A",
    "type": "N",
    "created_at": "2026-05-04T14:23:22.860Z",
    "updated_at": "2026-05-04T14:23:22.860Z",
    "moved_to": null
  }
},
{
  "model": "bookings.booking",
  "pk": 71,
  "fields": {
    "guest": 20,
    "room": 61,
    "adults_count": 3,
    "children_count": 5,
    "pets_count": 0,
    "check_in_date": "2026-04-06",
    "check_out_date": "2026-04-07",
    "status": "A",
    "type": "G",
    "created_at": "2026-05-04T14:23:22.860Z",
    "updated_at": "2026-05-04T14:23:22.860Z",
    "moved_to": null
  }
},
{
  "model": "bookings.booking",
  "pk": 72,
  "fields": {
    "guest": 17,
    "room": 82,
    "adults_count": 2,
    "children_count": 3,
    "pets_count": 0,
    "check_in_date": "2026-05-17",
    "check_out_date": "2026-05-24",
    "status": "A",
    "type": "G",
    "created_at": "2026-05-04T14:23:22.860Z",
    "updated_at": "2026-05-04T14:23:22.860Z",
    "moved_to": null
  }
},
{
  "model": "bookings.booking",
  "pk": 73,
  "fields": {
    "guest": 18,
    "room": 44,
    "adults_count": 3,
    "children_count": 0,
    "pets_count": 0,
    "check_in_date": "2026-01-15",
    "check_out_date": "2026-01-29",
    "status": "A",
    "type": "N",
    "created_at": "2026-05-04T14:23:22.860Z",
    "updated_at": "2026-05-04T14:23:22.860Z",
    "moved_to": null
  }
},
{
  "model": "bookings.booking",
  "pk": 74,
  "fields": {
    "guest": 24,
    "room": 87,
    "adults_count": 5,
    "children_count": 0,
    "pets_count": 0,
    "check_in_date": "2026-02-20",
    "check_out_date": "2026-03-07",
    "status": "A",
    "type": "G",
    "created_at": "2026-05-04T14:23:22.860Z",
    "updated_at": "2026-05-04T14:23:22.860Z",
    "moved_to": null
  }
},
{
  "model": "bookings.booking",
  "pk": 75,
  "fields": {
    "guest": 10,
    "room": 91,
    "adults_count": 2,
    "children_count": 0,
    "pets_count": 0,
    "check_in_date": "2026-03-05",
    "check_out_date": "2026-03-06",
    "status": "A",
    "type": "N",
    "created_at": "2026-05-04T14:23:22.860Z",
    "updated_at": "2026-05-04T14:23:22.860Z",
    "moved_to": null
  }
},
{
  "model": "bookings.booking",
  "pk": 76,
  "fields": {
    "guest": 4,
    "room": 80,
    "adults_count": 3,
    "children_count": 4,
    "pets_count": 0,
    "check_in_date": "2026-03-19",
    "check_out_date": "2026-03-21",
    "status": "A",
    "type": "N",
    "created_at": "2026-05-04T14:23:22.860Z",
    "updated_at": "2026-05-04T14:23:22.860Z",
    "moved_to": null
  }
},
{
  "model": "bookings.booking",
  "pk": 77,
  "fields": {
    "guest": 20,
    "room": 55,
    "adults_count": 3,
    "children_count": 2,
    "pets_count": 0,
    "check_in_date": "2026-03-26",
    "check_out_date": "2026-04-19",
    "status": "A",
    "type": "N",
    "created_at": "2026-05-04T14:23:22.860Z",
    "updated_at": "2026-05-04T14:23:22.860Z",
    "moved_to": null
  }
},
{
  "model": "bookings.booking",
  "pk": 78,
  "fields": {
    "guest": 16,
    "room": 120,
    "adults_count": 2,
    "children_count": 1,
    "pets_count": 2,
    "check_in_date": "2026-04-30",
    "check_out_date": "2026-05-13",
    "status": "M",
    "type": "N",
    "created_at": "2026-05-04T14:23:22.860Z",
    "updated_at": "2026-05-04T14:23:22.860Z",
    "moved_to": 97
  }
},
{
  "model": "bookings.booking",
  "pk": 79,
  "fields": {
    "guest": 20,
    "room": 45,
    "adults_count": 5,
    "children_count": 0,
    "pets_count": 0,
    "check_in_date": "2026-02-13",
    "check_out_date": "2026-02-16",
    "status": "M",
    "type": "N",
    "created_at": "2026-05-04T14:23:22.860Z",
    "updated_at": "2026-05-04T14:23:22.860Z",
    "moved_to": 96
  }
},
{
  "model": "bookings.booking",
  "pk": 80,
  "fields": {
    "guest": 15,
    "room": 91,
    "adults_count": 1,
    "children_count": 0,
    "pets_count": 0,
    "check_in_date": "2026-02-20",
    "check_out_date": "2026-03-05",
    "status": "CA",
    "type": "G",
    "created_at": "2026-05-04T14:23:22.860Z",
    "updated_at": "2026-05-04T14:23:22.860Z",
    "moved_to": null
  }
},
{
  "model": "bookings.booking",
  "pk": 81,
  "fields": {
    "guest": 4,
    "room": 63,
    "adults_count": 8,
    "children_count": 0,
    "pets_count": 0,
    "check_in_date": "2026-03-31",
    "check_out_date": "2026-04-06",
    "status": "A",
    "type": "N",
    "created_at": "2026-05-04T14:23:22.860Z",
    "updated_at": "2026-05-04T14:23:22.860Z",
    "moved_to": null
  }
},
{
  "model": "bookings.booking",
  "pk": 82,
  "fields": {
    "guest": 25,
    "room": 42,
    "adults_count": 2,
    "children_count": 0,
    "pets_count": 0,
    "check_in_date": "2026-03-09",
    "check_out_date": "2026-03-12",
    "status": "A",
    "type": "N",
    "created_at": "2026-05-04T14:23:22.860Z",
    "updated_at": "2026-05-04T14:23:22.860Z",
    "moved_to": null
  }
},
{
  "model": "bookings.booking",
  "pk": 83,
  "fields": {
    "guest": 8,
    "room": 55,
    "adults_count": 6,
    "children_count": 0,
    "pets_count": 0,
    "check_in_date": "2026-02-13",
    "check_out_date": "2026-03-10",
    "status": "A",
    "type": "N",
    "created_at": "2026-05-04T14:23:22.860Z",
    "updated_at": "2026-05-04T14:23:22.860Z",
    "moved_to": null
  }
},
{
  "model": "bookings.booking",
  "pk": 84,
  "fields": {
    "guest": 16,
    "room": 57,
    "adults_count": 6,
    "children_count": 0,
    "pets_count": 0,
    "check_in_date": "2026-03-03",
    "check_out_date": "2026-03-20",
    "status": "A",
    "type": "G",
    "created_at": "2026-05-04T14:23:22.860Z",
    "updated_at": "2026-05-04T14:23:22.860Z",
    "moved_to": null
  }
},
{
  "model": "bookings.booking",
  "pk": 85,
  "fields": {
    "guest": 9,
    "room": 33,
    "adults_count": 4,
    "children_count": 0,
    "pets_count": 0,
    "check_in_date": "2026-04-03",
    "check_out_date": "2026-05-03",
    "status": "CA",
    "type": "N",
    "created_at": "2026-05-04T14:23:22.860Z",
    "updated_at": "2026-05-04T14:23:22.860Z",
    "moved_to": null
  }
},
{
  "model": "bookings.booking",
  "pk": 86,
  "fields": {
    "guest": 27,
    "room": 33,
    "adults_count": 4,
    "children_count": 0,
    "pets_count": 0,
    "check_in_date": "2026-05-29",
    "check_out_date": "2026-06-13",
    "status": "A",
    "type": "G",
    "created_at": "2026-05-04T14:23:22.860Z",
    "updated_at": "2026-05-04T14:23:22.860Z",
    "moved_to": null
  }
},
{
  "model": "bookings.booking",
  "pk": 87,
  "fields": {
    "guest": 5,
    "room": 47,
    "adults_count": 3,
    "children_count": 4,
    "pets_count": 0,
    "check_in_date": "2026-01-07",
    "check_out_date": "2026-01-13",
    "status": "A",
    "type": "G",
    "created_at": "2026-05-04T14:23:22.860Z",
    "updated_at": "2026-05-04T14:23:22.860Z",
    "moved_to": null
  }
},
{
  "model": "bookings.booking",
  "pk": 88,
  "fields": {
    "guest": 11,
    "room": 76,
    "adults_count": 2,
    "children_count": 0,
    "pets_count": 0,
    "check_in_date": "2026-04-16",
    "check_out_date": "2026-05-04",
    "status": "A",
    "type": "N",
    "created_at": "2026-05-04T14:23:22.860Z",
    "updated_at": "2026-05-04T14:23:22.860Z",
    "moved_to": null
  }
},
{
  "model": "bookings.booking",
  "pk": 89,
  "fields": {
    "guest": 15,
    "room": 92,
    "adults_count": 1,
    "children_count": 0,
    "pets_count": 0,
    "check_in_date": "2026-04-28",
    "check_out_date": "2026-05-15",
    "status": "CL",
    "type": "G",
    "created_at": "2026-05-04T14:23:22.860Z",
    "updated_at": "2026-05-04T14:23:22.860Z",
    "moved_to": null
  }
},
{
  "model": "bookings.booking",
  "pk": 90,
  "fields": {
    "guest": 11,
    "room": 44,
    "adults_count": 3,
    "children_count": 0,
    "pets_count": 0,
    "check_in_date": "2026-04-15",
    "check_out_date": "2026-05-01",
    "status": "CL",
    "type": "G",
    "created_at": "2026-05-04T14:23:22.860Z",
    "updated_at": "2026-05-04T14:23:22.860Z",
    "moved_to": null
  }
},
{
  "model": "bookings.booking",
  "pk": 91,
  "fields": {
    "guest": 9,
    "room": 31,
    "adults_count": 9,
    "children_count": 0,
    "pets_count": 0,
    "check_in_date": "2026-02-04",
    "check_out_date": "2026-02-21",
    "status": "CL",
    "type": "G",
    "created_at": "2026-05-04T14:23:22.860Z",
    "updated_at": "2026-05-04T14:23:22.860Z",
    "moved_to": null
  }
},
{
  "model": "bookings.booking",
  "pk": 92,
  "fields": {
    "guest": 25,
    "room": 43,
    "adults_count": 2,
    "children_count": 1,
    "pets_count": 0,
    "check_in_date": "2026-03-06",
    "check_out_date": "2026-04-03",
    "status": "CL",
    "type": "G",
    "created_at": "2026-05-04T14:23:22.860Z",
    "updated_at": "2026-05-04T14:23:22.860Z",
    "moved_to": null
  }
},
{
  "model": "bookings.booking",
  "pk": 93,
  "fields": {
    "guest": 8,
    "room": 47,
    "adults_count": 9,
    "children_count": 0,
    "pets_count": 0,
    "check_in_date": "2026-05-05",
    "check_out_date": "2026-05-10",
    "status": "CL",
    "type": "G",
    "created_at": "2026-05-04T14:23:22.860Z",
    "updated_at": "2026-05-04T14:23:22.860Z",
    "moved_to": null
  }
},
{
  "model": "bookings.booking",
  "pk": 94,
  "fields": {
    "guest": 13,
    "room": 29,
    "adults_count": 5,
    "children_count": 0,
    "pets_count": 0,
    "check_in_date": "2026-03-13",
    "check_out_date": "2026-03-27",
    "status": "CL",
    "type": "N",
    "created_at": "2026-05-04T14:23:22.860Z",
    "updated_at": "2026-05-04T14:23:22.860Z",
    "moved_to": null
  }
},
{
  "model": "bookings.booking",
  "pk": 95,
  "fields": {
    "guest": 7,
    "room": 76,
    "adults_count": 2,
    "children_count": 0,
    "pets_count": 0,
    "check_in_date": "2026-02-13",
    "check_out_date": "2026-03-06",
    "status": "A",
    "type": "G",
    "created_at": "2026-05-04T14:23:22.875Z",
    "updated_at": "2026-05-04T14:23:22.875Z",
    "moved_to": null
  }
},
{
  "model": "bookings.booking",
  "pk": 96,
  "fields": {
    "guest": 20,
    "room": 45,
    "adults_count": 5,
    "children_count": 0,
    "pets_count": 0,
    "check_in_date": "2026-01-06",
    "check_out_date": "2026-01-19",
    "status": "A",
    "type": "N",
    "created_at": "2026-05-04T14:23:22.881Z",
    "updated_at": "2026-05-04T14:23:22.881Z",
    "moved_to": null
  }
},
{
  "model": "bookings.booking",
  "pk": 97,
  "fields": {
    "guest": 16,
    "room": 120,
    "adults_count": 2,
    "children_count": 1,
    "pets_count": 2,
    "check_in_date": "2026-04-08",
    "check_out_date": "2026-04-30",
    "status": "A",
    "type": "N",
    "created_at": "2026-05-04T14:23:22.886Z",
    "updated_at": "2026-05-04T14:23:22.886Z",
    "moved_to": null
  }
},
{
  "model": "bookings.bookingpayment",
  "pk": 31,
  "fields": {
    "booking": 65,
    "status": "O",
    "amount": "18045.00",
    "purpose": "PN",
    "created_at": "2026-05-04T14:23:22.895Z",
    "paid_at": "2026-03-26T07:24:28Z"
  }
},
{
  "model": "bookings.bookingpayment",
  "pk": 32,
  "fields": {
    "booking": 66,
    "status": "O",
    "amount": "21239.00",
    "purpose": "FP",
    "created_at": "2026-05-04T14:23:22.895Z",
    "paid_at": "2026-03-01T19:35:17Z"
  }
},
{
  "model": "bookings.bookingpayment",
  "pk": 33,
  "fields": {
    "booking": 67,
    "status": "I",
    "amount": "23930.00",
    "purpose": "RF",
    "created_at": "2026-05-04T14:23:22.895Z",
    "paid_at": "2026-03-01T02:07:43Z"
  }
},
{
  "model": "bookings.bookingpayment",
  "pk": 34,
  "fields": {
    "booking": 68,
    "status": "C",
    "amount": "27480.00",
    "purpose": "EP",
    "created_at": "2026-05-04T14:23:22.895Z",
    "paid_at": "2026-02-08T06:13:05Z"
  }
},
{
  "model": "bookings.bookingpayment",
  "pk": 35,
  "fields": {
    "booking": 69,
    "status": "E",
    "amount": "23327.00",
    "purpose": "RF",
    "created_at": "2026-05-04T14:23:22.895Z",
    "paid_at": "2026-04-29T06:31:48Z"
  }
},
{
  "model": "bookings.bookingpayment",
  "pk": 36,
  "fields": {
    "booking": 70,
    "status": "I",
    "amount": "28406.00",
    "purpose": "EP",
    "created_at": "2026-05-04T14:23:22.895Z",
    "paid_at": "2026-01-12T09:54:15Z"
  }
},
{
  "model": "bookings.bookingpayment",
  "pk": 37,
  "fields": {
    "booking": 71,
    "status": "C",
    "amount": "19353.00",
    "purpose": "FP",
    "created_at": "2026-05-04T14:23:22.895Z",
    "paid_at": "2026-03-30T13:31:16Z"
  }
},
{
  "model": "bookings.bookingpayment",
  "pk": 38,
  "fields": {
    "booking": 72,
    "status": "I",
    "amount": "27202.00",
    "purpose": "PP",
    "created_at": "2026-05-04T14:23:22.895Z",
    "paid_at": "2026-02-04T14:51:20Z"
  }
},
{
  "model": "bookings.bookingpayment",
  "pk": 39,
  "fields": {
    "booking": 73,
    "status": "C",
    "amount": "5634.00",
    "purpose": "FP",
    "created_at": "2026-05-04T14:23:22.895Z",
    "paid_at": "2026-01-31T10:23:00Z"
  }
},
{
  "model": "bookings.bookingpayment",
  "pk": 40,
  "fields": {
    "booking": 74,
    "status": "C",
    "amount": "27189.00",
    "purpose": "PN",
    "created_at": "2026-05-04T14:23:22.895Z",
    "paid_at": "2026-02-18T07:42:12Z"
  }
},
{
  "model": "bookings.bookingpayment",
  "pk": 41,
  "fields": {
    "booking": 75,
    "status": "C",
    "amount": "17426.00",
    "purpose": "PP",
    "created_at": "2026-05-04T14:23:22.895Z",
    "paid_at": "2026-02-18T16:18:20Z"
  }
},
{
  "model": "bookings.bookingpayment",
  "pk": 42,
  "fields": {
    "booking": 76,
    "status": "O",
    "amount": "10454.00",
    "purpose": "PN",
    "created_at": "2026-05-04T14:23:22.895Z",
    "paid_at": "2026-02-16T01:03:15Z"
  }
},
{
  "model": "bookings.bookingpayment",
  "pk": 43,
  "fields": {
    "booking": 77,
    "status": "E",
    "amount": "13641.00",
    "purpose": "FP",
    "created_at": "2026-05-04T14:23:22.895Z",
    "paid_at": "2026-04-02T10:55:32Z"
  }
},
{
  "model": "bookings.bookingpayment",
  "pk": 44,
  "fields": {
    "booking": 78,
    "status": "E",
    "amount": "25351.00",
    "purpose": "RF",
    "created_at": "2026-05-04T14:23:22.895Z",
    "paid_at": "2026-04-13T11:23:22Z"
  }
},
{
  "model": "bookings.bookingpayment",
  "pk": 45,
  "fields": {
    "booking": 79,
    "status": "E",
    "amount": "24239.00",
    "purpose": "PP",
    "created_at": "2026-05-04T14:23:22.895Z",
    "paid_at": "2026-01-14T15:41:12Z"
  }
},
{
  "model": "bookings.bookingpayment",
  "pk": 46,
  "fields": {
    "booking": 80,
    "status": "E",
    "amount": "26684.00",
    "purpose": "PP",
    "created_at": "2026-05-04T14:23:22.895Z",
    "paid_at": "2026-05-05T12:12:10Z"
  }
},
{
  "model": "bookings.bookingpayment",
  "pk": 47,
  "fields": {
    "booking": 81,
    "status": "I",
    "amount": "18537.00",
    "purpose": "PN",
    "created_at": "2026-05-04T14:23:22.895Z",
    "paid_at": "2026-04-17T17:47:24Z"
  }
},
{
  "model": "bookings.bookingpayment",
  "pk": 48,
  "fields": {
    "booking": 82,
    "status": "C",
    "amount": "11334.00",
    "purpose": "RF",
    "created_at": "2026-05-04T14:23:22.895Z",
    "paid_at": "2026-03-17T07:41:13Z"
  }
},
{
  "model": "bookings.bookingpayment",
  "pk": 49,
  "fields": {
    "booking": 83,
    "status": "E",
    "amount": "27923.00",
    "purpose": "RF",
    "created_at": "2026-05-04T14:23:22.895Z",
    "paid_at": "2026-01-22T06:45:34Z"
  }
},
{
  "model": "bookings.bookingpayment",
  "pk": 50,
  "fields": {
    "booking": 84,
    "status": "O",
    "amount": "15599.00",
    "purpose": "RF",
    "created_at": "2026-05-04T14:23:22.895Z",
    "paid_at": "2026-03-22T08:31:52Z"
  }
},
{
  "model": "bookings.bookingpayment",
  "pk": 51,
  "fields": {
    "booking": 85,
    "status": "C",
    "amount": "17295.00",
    "purpose": "RF",
    "created_at": "2026-05-04T14:23:22.895Z",
    "paid_at": "2026-02-19T11:35:56Z"
  }
},
{
  "model": "bookings.bookingpayment",
  "pk": 52,
  "fields": {
    "booking": 86,
    "status": "I",
    "amount": "3402.00",
    "purpose": "FP",
    "created_at": "2026-05-04T14:23:22.895Z",
    "paid_at": "2026-03-01T14:54:48Z"
  }
},
{
  "model": "bookings.bookingpayment",
  "pk": 53,
  "fields": {
    "booking": 87,
    "status": "O",
    "amount": "13891.00",
    "purpose": "PN",
    "created_at": "2026-05-04T14:23:22.895Z",
    "paid_at": "2026-04-18T02:01:49Z"
  }
},
{
  "model": "bookings.bookingpayment",
  "pk": 54,
  "fields": {
    "booking": 88,
    "status": "I",
    "amount": "29365.00",
    "purpose": "EP",
    "created_at": "2026-05-04T14:23:22.895Z",
    "paid_at": "2026-01-27T14:24:18Z"
  }
},
{
  "model": "bookings.bookingpayment",
  "pk": 55,
  "fields": {
    "booking": 89,
    "status": "C",
    "amount": "11474.00",
    "purpose": "FP",
    "created_at": "2026-05-04T14:23:22.895Z",
    "paid_at": "2026-01-17T12:59:35Z"
  }
},
{
  "model": "bookings.bookingpayment",
  "pk": 56,
  "fields": {
    "booking": 90,
    "status": "O",
    "amount": "9917.00",
    "purpose": "PN",
    "created_at": "2026-05-04T14:23:22.895Z",
    "paid_at": "2026-01-16T11:41:36Z"
  }
},
{
  "model": "bookings.bookingpayment",
  "pk": 57,
  "fields": {
    "booking": 91,
    "status": "I",
    "amount": "13037.00",
    "purpose": "PN",
    "created_at": "2026-05-04T14:23:22.895Z",
    "paid_at": "2026-01-17T10:34:48Z"
  }
},
{
  "model": "bookings.bookingpayment",
  "pk": 58,
  "fields": {
    "booking": 92,
    "status": "I",
    "amount": "7726.00",
    "purpose": "PN",
    "created_at": "2026-05-04T14:23:22.895Z",
    "paid_at": "2026-01-16T00:27:04Z"
  }
},
{
  "model": "bookings.bookingpayment",
  "pk": 59,
  "fields": {
    "booking": 93,
    "status": "C",
    "amount": "25377.00",
    "purpose": "PP",
    "created_at": "2026-05-04T14:23:22.895Z",
    "paid_at": "2026-04-09T06:34:06Z"
  }
},
{
  "model": "bookings.bookingpayment",
  "pk": 60,
  "fields": {
    "booking": 94,
    "status": "I",
    "amount": "3007.00",
    "purpose": "EP",
    "created_at": "2026-05-04T14:23:22.895Z",
    "paid_at": "2026-04-29T17:04:10Z"
  }
},
{
  "model": "bookings.cancelledbooking",
  "pk": 7,
  "fields": {
    "booking": 66,
    "cancelled_at": "2026-05-04T14:23:22.866Z",
    "cancellation_reason": "Провал легко вообще багровый страсть ведь. Вскакивать намерение изредка пасть социалистический написать а.\nНастать умолять невозможно песенка построить пропадать.\nПередо костер нервно смелый. Поезд пламя песня."
  }
},
{
  "model": "bookings.cancelledbooking",
  "pk": 8,
  "fields": {
    "booking": 85,
    "cancelled_at": "2026-05-04T14:23:22.867Z",
    "cancellation_reason": "Сутки приятель команда написать предоставить премьера танцевать.\nКидать вздрогнуть развитый запустить чем видимо лапа. Полевой четко космос грустный присесть ставить. Штаб покидать термин разнообразный головной жить."
  }
},
{
  "model": "bookings.cancelledbooking",
  "pk": 9,
  "fields": {
    "booking": 80,
    "cancelled_at": "2026-05-04T14:23:22.868Z",
    "cancellation_reason": "Головка покидать мгновение лапа пасть. Пастух ботинок что устройство. Командование банк зато блин привлекать решение. Мусор чем пламя человечек решение дьявол."
  }
},
{
  "model": "bookings.review",
  "pk": 3,
  "fields": {
    "booking": 94,
    "rating": 4,
    "comment": "Забирать ныне монета что развитый набор бетонный. Демократия монета порог слишком. Предоставить сравнение рассуждение жестокий покидать. Передо полевой вытаскивать еврейский ответить слишком фонарик.\nПятеро манера каюта. Заведение угроза задрать грустный спасть пятеро жидкий.\nПоявление торговля академик казнь картинка освобождение. Сходить избегать металл мальчишка хлеб возникновение бак. Правый результат сынок налево что.\nДеньги жестокий разнообразный кидать зеленый перебивать покинуть разуметься. Падаль приходить блин затянуться. Возникновение школьный космос задрать очко поймать передо.\nСомнительный боец сбросить инвалид чувство остановить. Ботинок налево сопровождаться печатать упорно.\nРазуметься экзамен банда упор новый. Смертельный цепочка понятный угодный танцевать соответствие.\nТерапия порт зарплата поймать.\nЗадержать хотеть песня выраженный. Избегать парень висеть ломать. Достоинство шлем господь монета.\nПомимо ответить запеть идея задержать металл хлеб равнодушный. За грустный соответствие развитый кузнец отметить. Тюрьма пространство ботинок головка идея мальчишка.\nПересечь услать разнообразный руководитель юный вряд аж а. Ломать крутой механический торопливый демократия.\nПадаль легко потянуться а посвятить блин. Издали освободить промолчать изображать.\nПосвятить печатать гулять нервно. Актриса встать пасть поздравлять неожиданно социалистический чем школьный. Мучительно потянуться теория дружно другой.\nЗадержать плавно июнь. Протягивать наступать сверкать заплакать следовательно тревога. Означать человечек хлеб увеличиваться вариант мотоцикл плавно конструкция.\nРай ярко одиннадцать прелесть механический появление. Пропасть грудь славный очутиться.\nПодробность спичка единый вздрогнуть. Постоянный остановить запеть издали возникновение коммунизм сходить о.\nСовещание печатать жить означать даль пастух а. Умолять освобождение увеличиваться палец трубка уронить. Каюта песня невозможно голубчик. Миллиард через желание покинуть важный стакан.\nЖелание вперед поймать сынок дорогой карман выразить. Выраженный порог близко госпожа ход поговорить похороны.\nОтметить засунуть призыв. Дыхание интеллектуальный желание снимать банк.\nОзначать потянуться пропадать легко.\nКарандаш медицина миф заложить правильный выраженный. Инструкция очко а соответствие исследование.\nРис сходить блин падаль. Штаб крутой задрать хозяйка строительство заявление. Что недостаток наслаждение наступать запретить.\nПередо четко вскинуть свежий спалить. Правление вздрогнуть эпоха костер военный.\nОтметить растеряться ребятишки набор народ понятный степь. Одиннадцать исследование боец лететь мелочь тусклый легко.\nИзредка печатать цвет набор. Кузнец развитый четко неожиданно. Головка плавно при инструкция приходить похороны горький.\nЧетыре функция металл руководитель четыре мучительно. Интеллектуальный пасть вряд посидеть о багровый. Господь военный близко скользить.\nПрежний мера четко место. Провинция бетонный падать куча.\nМонета подземный аж экзамен командование при. Тревога разнообразный редактор.",
    "created_at": "2026-05-04T14:24:39.613Z",
    "status": "M",
    "moderated_by": 1,
    "rejection_reason": null,
    "published_at": null
  }
},
{
  "model": "bookings.review",
  "pk": 4,
  "fields": {
    "booking": 93,
    "rating": 5,
    "comment": "Командующий спалить горький назначить витрина торопливый дрогнуть уничтожение. Дружно житель запретить пропадать. Разуметься господь чувство отражение соответствие дорогой.\nМера пространство ремень горький человечек. Расстегнуть мучительно хотеть четко через.\nНаписать мера роскошный монета. Ложиться выгнать металл запеть монета. Угроза функция житель процесс решение около команда важный.\nУмирать жить аж сходить более вытаскивать. Фонарик совет головка. Бок порт степь иной князь.\nЦепочка район интеллектуальный уничтожение желание. Провал скрытый мимо триста дурацкий расстройство.\nЖелание порядок торопливый каюта. Металл решетка настать песня нажать тревога.\nСопровождаться полевой рот крыса сынок пламя кольцо. Коллектив валюта мелочь нервно. Заработать увеличиваться развернуться пламя очередной.\nСходить вряд поймать тысяча угроза вряд терапия. Мягкий металл рот рай.\nСовещание число равнодушный кпсс сходить поздравлять протягивать трубка. Славный рай материя самостоятельно поговорить горький инструкция механический.\nСпешить потянуться сынок монета. Четко покидать важный видимо художественный цвет.\nОтражение штаб непривычный труп. Палец приличный покидать новый передо устройство присесть. Мимо штаб оборот господь уточнить порт палец. Добиться падать лапа бабочка.\nДрогнуть подземный запустить провинция уничтожение кидать. Горький передо избегать ученый легко бабочка. Применяться уничтожение спорт светило наткнуться необычный решение.\nГосподь роса перебивать мелькнуть около поймать бак инфекция. Освобождение затянуться счастье еврейский услать результат дурацкий. Кидать разнообразный ботинок да указанный указанный.\nПоявление райком коммунизм призыв поговорить. Ребятишки лиловый совещание премьера труп идея налоговый. Потрясти встать неожиданный одиннадцать самостоятельно возникновение.\nМедицина развернуться непривычный товар выраженный правление. О товар изучить о приходить лететь. Степь миф приличный командующий вздрагивать о передо. Спорт житель командир ход единый.\nДальний инфекция господь господь медицина доставать. Помолчать тысяча триста палата ответить тревога ложиться.\nОтражение пастух заложить мимо упор. Появление низкий смертельный.\nДружно боец естественный смертельный при лапа о. Конференция отъезд белье салон граница художественный выражаться. Пробовать механический засунуть оставить более.\nУничтожение рот поздравлять голубчик тесно растеряться ремень покидать. Настать собеседник хозяйка сынок предоставить. Парень серьезный изредка результат очутиться угроза кузнец. Ленинград парень ставить эффект манера полевой.\nГраница висеть а фонарик растеряться стакан. Радость цель при проход. Издали присесть запустить другой сверкать тысяча.\nЗеленый плавно мальчишка факультет хозяйка да выражаться. Плясать кожа дремать функция миллиард.\nПокинуть вчера расстройство намерение смертельный. Бровь бетонный дорогой человечек инструкция сбросить. Поговорить ленинград кольцо советовать вперед.",
    "created_at": "2026-05-04T14:24:39.613Z",
    "status": "P",
    "moderated_by": 4,
    "rejection_reason": null,
    "published_at": "2026-05-06T05:52:38Z"
  }
},
{
  "model": "bookings.review",
  "pk": 5,
  "fields": {
    "booking": 92,
    "rating": 5,
    "comment": "Неудобно адвокат покидать умолять трубка ремень тусклый. Прощение рай обида премьера валюта пламя. Ярко мягкий неожиданный солнце процесс казнь неправда.\nПолевой недостаток место угроза. Дорогой собеседник выраженный развитый домашний. Еврейский слишком возможно ныне второй.\nВыраженный приличный конференция. Потянуться багровый вообще совещание наступать.\nОсвобождение услать оборот степь теория дальний. Скользить голубчик анализ невыносимый деньги.\nБочок багровый желание.\nКоммунизм приличный научить выраженный прежний. Кидать сынок поставить поймать. Цвет волк жестокий научить магазин рис ложиться.\nРасстегнуть посидеть пасть миф тревога. Тяжелый нож металл руководитель. Сбросить металл триста команда освободить механический.\nАнализ космос совещание лиловый кольцо изредка. Миф вариант монета кузнец умирать перебивать интеллектуальный. Господь господь сопровождаться уточнить.\nРазуметься возбуждение уронить. Разуметься художественный торопливый возможно более возбуждение свежий. Кпсс возможно коллектив выдержать хозяйка слишком скользить пятеро. Рассуждение танцевать левый умирать достоинство дорогой.\nТюрьма покидать дремать правильный медицина. Поставить ход магазин неудобно командование. Куча актриса металл ночь свежий деньги научить иной.\nВоенный решетка желание носок кидать некоторый полностью кузнец. Полюбить левый стакан пробовать космос назначить близко.\nМеталл солнце запретить запеть. Счастье тесно коробка умирать мучительно спалить командование.\nСмелый предоставить танцевать чувство. Серьезный угроза следовательно инвалид гулять советовать каюта.\nГоловка прощение вчера ученый назначить. Совет беспомощный князь ленинград сохранять. Ныне военный при.\nВывести непривычный пространство разуметься. Карандаш валюта спорт. Пятеро бригада развернуться сходить еврейский забирать выгнать.\nСмеяться демократия выраженный совещание каюта рассуждение. Возможно дорогой серьезный освобождение видимо песенка космос. Тревога лиловый запеть присесть зачем актриса еврейский.\nГрудь устройство невыносимый одиннадцать. Костер зеленый степь инструкция. Смелый протягивать приличный крыса.\nАж социалистический снимать горький вообще.\nПарень мрачно головка карман хозяйка.\nСлавный способ ночь командир правление. Салон призыв медицина выраженный приятель изредка механический. Смертельный поколение прежде поймать художественный развернуться.\nСобеседник непривычный пересечь порог цепочка аж некоторый. Упор каюта остановить природа. Освобождение волк лиловый новый.\nЗато господь вздрагивать бабочка умолять. Деньги анализ пересечь бровь растеряться набор потом еврейский.\nДремать аллея команда счастье тысяча умолять. Правление поговорить приличный проход потом.\nНервно народ коричневый вперед художественный премьера факультет пятеро. Интеллектуальный растеряться инфекция трубка некоторый кузнец торопливый.\nМусор теория полевой протягивать порог. Носок возникновение выкинуть запеть применяться. Упорно палата серьезный невозможно.\nГорький блин призыв славный дыхание магазин. Выраженный предоставить граница выкинуть изредка.",
    "created_at": "2026-05-04T14:24:39.613Z",
    "status": "A",
    "moderated_by": 3,
    "rejection_reason": null,
    "published_at": null
  }
},
{
  "model": "bookings.review",
  "pk": 6,
  "fields": {
    "booking": 91,
    "rating": 5,
    "comment": "Лапа теория природа. Приличный поговорить художественный бок направо. Инструкция изучить налево товар какой процесс.\nЗаложить миф ночь выдержать. О командование одиннадцать полевой хлеб.\nШлем изба премьера мальчишка карман голубчик. Желание посидеть возмутиться пламя. Актриса падаль дыхание строительство.\nКакой конструкция мелочь печатать следовательно цель мера. Тесно что монета ночь. Правление снимать что столетие перебивать тяжелый.\nСмертельный песенка тюрьма вытаскивать спешить покидать указанный. Совет нажать порода.\nСобеседник ученый степь миллиард. Вариант житель провал более основание. Развернуться решение госпожа белье цвет.\nВажный интернет направо салон очередной задержать предоставить. Понятный вздрогнуть витрина механический. Монета выразить правильный видимо коллектив ремень.\nКартинка изучить дрогнуть социалистический цвет.\nСверкающий расстегнуть разнообразный лететь. Белье передо встать применяться заведение терапия.\nХотеть войти единый советовать изменение набор холодно. Еврейский совет бегать смеяться боец. Пятеро деньги еврейский одиннадцать теория.\nКидать лиловый прошептать ленинград указанный освободить умирать. Легко карандаш картинка поймать. Другой материя рот ход банк тесно равнодушный палец.\nВскинуть академик ныне болото. Остановить команда монета рай передо. Костер карман скользить сынок упорно.\nГосподь непривычный изображать слишком триста славный доставать. Товар вскакивать виднеться прежде еврейский ложиться спичка. Подробность очередной хозяйка товар тута развитый вывести за.\nНервно сутки упорно означать заплакать бровь труп. Развитый успокоиться мгновение команда спалить увеличиваться.\nВозмутиться результат степь шлем.\nБагровый возможно горький возможно тута коллектив за. Сынок ведь тесно темнеть ученый. Рабочий заплакать школьный.\nПоезд кпсс мучительно трясти. Невыносимый единый строительство четыре разуметься. Горький песня премьера неудобно выраженный направо обида функция. Неправда нож подземный строительство передо.\nСерьезный хотеть вытаскивать угроза следовательно. Мягкий указанный эпоха издали разуметься уронить слать. Пол академик танцевать прелесть совещание банда устройство.\nГоловной кожа металл потом демократия. Голубчик крутой премьера секунда подземный.\nТовар приятель коробка бабочка. Угроза процесс сомнительный четко рай смертельный результат. Горький роскошный изучить трясти ремень.\nМелькнуть полоска нажать цель.\nИздали мрачно другой правление смертельный командир основание. Выразить теория затянуться неправда банк. Степь угроза район мера неожиданно миллиард умолять идея.\nДьявол витрина следовательно сомнительный крутой подробность. Сопровождаться нож голубчик. Поздравлять интеллектуальный соответствие тюрьма витрина серьезный руководитель.\nТысяча пламя песня. Ныне умолять разуметься указанный домашний.\nПонятный издали природа. Носок миллиард решение ломать жестокий вообще заработать. Призыв салон страсть. Слишком через помимо коллектив ночь бетонный рассуждение.",
    "created_at": "2026-05-04T14:24:39.613Z",
    "status": "P",
    "moderated_by": 2,
    "rejection_reason": null,
    "published_at": "2026-03-14T11:17:39Z"
  }
},
{
  "model": "bookings.review",
  "pk": 7,
  "fields": {
    "booking": 90,
    "rating": 5,
    "comment": "Полоска князь ныне. Степь металл командование сопровождаться изменение наступать потрясти. Житель солнце дьявол.\nПотом строительство адвокат господь сравнение деньги ложиться поставить. Чувство устройство трясти. Уничтожение дорогой премьера строительство магазин способ плод. Призыв горький солнце один желание провал приятель поговорить.\nЕврейский актриса банда мотоцикл идея вчера редактор инвалид. Проход назначить монета вскинуть бочок посидеть.\nМеталл экзамен предоставить выраженный что. Горький карандаш коричневый.\nСпалить около вытаскивать устройство развернуться. Зарплата падать госпожа монета факультет.\nПлод плавно счастье устройство.\nДа ставить белье освободить правый. Один поезд художественный важный пламя хотеть.\nПолевой наткнуться набор. Точно карман мимо похороны изображать около упорно.\nНедостаток возмутиться иной волк. Виднеться возмутиться рай результат трубка покидать фонарик. За редактор вскинуть демократия.\nКонференция очко карман засунуть точно актриса. Художественный рис господь пространство спорт плод четко выгнать. Палка дыхание место означать расстегнуть дальний. Человечек какой запретить умолять интернет космос.\nБак ломать металл еврейский за соответствие. Ведь равнодушный войти правильный инфекция неожиданный подземный.\nКазнь картинка выражение магазин. Миф тревога сохранять интернет.\nВозмутиться сравнение возникновение наступать костер. Сбросить сынок лапа остановить следовательно промолчать спалить правильный.\nНеобычный потом забирать. Пропадать банк желание инфекция поставить.\nБабочка полевой исследование заложить выбирать прежний. Потрясти иной налево наступать магазин.\nПрисесть коричневый коричневый. Разводить бригада мрачно дыхание. Лиловый соответствие бригада вскинуть совещание упорно дружно сверкающий.\nПрежде домашний вскакивать госпожа. Житель ребятишки написать заявление инструкция головной ответить. Тусклый лететь спичка передо функция.\nБелье умолять монета возможно грудь строительство. Боец смеяться проход.\nБолее выраженный невыносимый предоставить салон порядок мусор свежий. Манера покидать промолчать. Чувство строительство природа понятный теория табак. Пропаганда затянуться через.\nМусор указанный бок соответствие совет термин отъезд серьезный. Назначить дошлый торопливый армейский уронить выкинуть. Солнце вывести монета. Поздравлять пламя вздрагивать жидкий.\nПокинуть ответить неправда ложиться пасть предоставить спасть. Функция кпсс виднеться непривычный достоинство предоставить бетонный. Сверкающий расстройство дьявол господь полюбить мелькнуть потом порог.\nПрелесть степь функция витрина идея строительство. Построить подземный уронить приятель коммунизм редактор.\nЗеленый какой ребятишки. Развернуться равнодушный ночь предоставить.\nНастать основание кузнец четко интернет правый что. Конференция правление означать хозяйка спорт госпожа пропадать. Решетка лететь гулять недостаток прелесть металл.\nИюнь плясать привлекать правый. Эффект наслаждение дорогой за равнодушный. Сбросить выдержать экзамен отъезд издали зачем.",
    "created_at": "2026-05-04T14:24:39.613Z",
    "status": "D",
    "moderated_by": null,
    "rejection_reason": null,
    "published_at": null
  }
}
]
