[
{
  "model": "hotels.hotel",
  "pk": 16,
  "fields": {
    "name": "Отель на пер. Торговый",
    "phone_number": "+78112407977",
    "email": "tarasovavarvara@oao.org",
    "country": "Россия",
    "city": "Амурскград",
    "address": "пер. Торговый, д. 8/1,  стр. 2/3, Амурскград, Чукотский АО",
    "floor_count": 7,
    "check_in_time": "14:00:00",
    "check_out_time": "13:00:00",
    "is_active": true
  }
},
{
  "model": "hotels.hotel",
  "pk": 17,
  "fields": {
    "name": "Отель на пр. Космонавтов",
    "phone_number": "+79775085069",
    "email": "feoktist92@ooo.com",
    "country": "Россия",
    "city": "Ряжскполь",
    "address": "пр. Космонавтов, д. 91, Ряжскполь, Ставропольский край",
    "floor_count": 4,
    "check_in_time": "14:00:00",
    "check_out_time": "12:00:00",
    "is_active": true
  }
},
{
  "model": "hotels.hotel",
  "pk": 18,
  "fields": {
    "name": "Отель на алл. Бульварная",
    "phone_number": "+79964320864",
    "email": "edavidov@mosgortrans.biz",
    "country": "Россия",
    "city": "Гатчинаград",
    "address": "алл. Бульварная, д. 2/7, Гатчинаград, Камчатский край",
    "floor_count": 3,
    "check_in_time": "13:00:00",
    "check_out_time": "12:00:00",
    "is_active": false
  }
},
{
  "model": "hotels.hotel",
  "pk": 19,
  "fields": {
    "name": "Отель на пр. Гагарина",
    "phone_number": "+77767248664",
    "email": "fefremov@luidor.ru",
    "country": "Россия",
    "city": "Шуявль",
    "address": "пр. Гагарина, д. 3, Шуявль, Ямало-Ненецкий АО",
    "floor_count": 2,
    "check_in_time": "14:00:00",
    "check_out_time": "11:00:00",
    "is_active": true
  }
},
{
  "model": "hotels.hotel",
  "pk": 20,
  "fields": {
    "name": "Отель на наб. Николаева",
    "phone_number": "+73456837931",
    "email": "gostomisl_31@antonova.org",
    "country": "Россия",
    "city": "Горно-Алтайсков",
    "address": "наб. Николаева, д. 140, Горно-Алтайсков, Новосибирская обл.",
    "floor_count": 9,
    "check_in_time": "14:00:00",
    "check_out_time": "12:00:00",
    "is_active": true
  }
},
{
  "model": "hotels.roomcategory",
  "pk": 1,
  "fields": {
    "tier": "SU",
    "min_area": 75,
    "requires_kitchen": false,
    "required_bathroom_type": "F",
    "min_rooms": 3
  }
},
{
  "model": "hotels.roomcategory",
  "pk": 2,
  "fields": {
    "tier": "A",
    "min_area": 40,
    "requires_kitchen": true,
    "required_bathroom_type": "F",
    "min_rooms": 2
  }
},
{
  "model": "hotels.roomcategory",
  "pk": 3,
  "fields": {
    "tier": "L",
    "min_area": 35,
    "requires_kitchen": false,
    "required_bathroom_type": "F",
    "min_rooms": 2
  }
},
{
  "model": "hotels.roomcategory",
  "pk": 4,
  "fields": {
    "tier": "JSU",
    "min_area": 25,
    "requires_kitchen": false,
    "required_bathroom_type": "F",
    "min_rooms": 1
  }
},
{
  "model": "hotels.roomcategory",
  "pk": 5,
  "fields": {
    "tier": "ST",
    "min_area": 25,
    "requires_kitchen": true,
    "required_bathroom_type": "F",
    "min_rooms": 1
  }
},
{
  "model": "hotels.roomcategory",
  "pk": 6,
  "fields": {
    "tier": "1",
    "min_area": 9,
    "requires_kitchen": false,
    "required_bathroom_type": "F",
    "min_rooms": 1
  }
},
{
  "model": "hotels.roomcategory",
  "pk": 7,
  "fields": {
    "tier": "2",
    "min_area": 9,
    "requires_kitchen": false,
    "required_bathroom_type": "F",
    "min_rooms": 1
  }
},
{
  "model": "hotels.roomcategory",
  "pk": 8,
  "fields": {
    "tier": "3",
    "min_area": 9,
    "requires_kitchen": false,
    "required_bathroom_type": "P",
    "min_rooms": 1
  }
},
{
  "model": "hotels.roomcategory",
  "pk": 9,
  "fields": {
    "tier": "4",
    "min_area": 9,
    "requires_kitchen": false,
    "required_bathroom_type": "P",
    "min_rooms": 1
  }
},
{
  "model": "hotels.roomcategory",
  "pk": 10,
  "fields": {
    "tier": "5",
    "min_area": 9,
    "requires_kitchen": false,
    "required_bathroom_type": "S",
    "min_rooms": 1
  }
},
{
  "model": "hotels.roomtype",
  "pk": 41,
  "fields": {
    "name": "Просторные апартаменты с балконом",
    "category": 2,
    "description": "Трёхкомнатные апартаменты общей площадью 170 м². Идеальны для большой семьи или компании до 6 человек. Три отдельные спальни, просторная гостиная с обеденной зоной и полностью оборудованная кухня. Три ванные комнаты с душевыми кабинами. Большой балкон. В номере: кондиционер, телевизор, Wi-Fi, стиральная машина.",
    "size": 170,
    "standard_capacity": 6,
    "bedroom_count": 3,
    "living_room_count": 1,
    "bathroom_count": 3,
    "bathroom_type": "F",
    "has_kitchen": true,
    "has_balcony": true
  }
},
{
  "model": "hotels.roomtype",
  "pk": 42,
  "fields": {
    "name": "Стандарт (первая категория)",
    "category": 6,
    "description": "Уютный номер первой категории площадью 14 м². Рассчитан на размещение до 2 гостей. Двуспальная кровать, санузел с ванной, телевизор, холодильник. Без кухни и балкона. Подходит для коротких деловых поездок или ночлега.",
    "size": 14,
    "standard_capacity": 2,
    "bedroom_count": 1,
    "living_room_count": 0,
    "bathroom_count": 1,
    "bathroom_type": "F",
    "has_kitchen": false,
    "has_balcony": false
  }
},
{
  "model": "hotels.roomtype",
  "pk": 43,
  "fields": {
    "name": "Апартаменты с нестандартной планировкой",
    "category": 2,
    "description": "Апартаменты с оригинальной планировкой площадью 97 м². Две просторные спальни и гостиная с обеденной зоной. Подойдут для компании до 4 гостей. Две ванные комнаты. Полностью оборудованная кухня. Без балкона, но из окон открывается вид на тихий двор.",
    "size": 97,
    "standard_capacity": 4,
    "bedroom_count": 2,
    "living_room_count": 1,
    "bathroom_count": 2,
    "bathroom_type": "F",
    "has_kitchen": true,
    "has_balcony": false
  }
},
{
  "model": "hotels.roomtype",
  "pk": 44,
  "fields": {
    "name": "Люкс с панорамными окнами",
    "category": 3,
    "description": "Элегантный люкс площадью 106 м² с двумя спальнями и гостиной. Предназначен для размещения до 4 гостей. Просторная ванная комната с джакузи. Огромные панорамные окна. Кухни нет, но есть зона для завтраков и мини-бар. Без балкона. Идеально для романтического отдыха или небольших торжеств.",
    "size": 106,
    "standard_capacity": 4,
    "bedroom_count": 2,
    "living_room_count": 1,
    "bathroom_count": 1,
    "bathroom_type": "F",
    "has_kitchen": false,
    "has_balcony": false
  }
},
{
  "model": "hotels.roomtype",
  "pk": 45,
  "fields": {
    "name": "Эконом (третья категория) частичный санузел",
    "category": 8,
    "description": "Экономичный номер третьей категории площадью 18 м². Одна спальня с дополнительным спальным местом, рассчитан на 2 гостей. Ванная комната с частичным сантехническим оснащением (душ, раковина, туалет). Без кухни и балкона. Расположение в тихом районе. Подходит для неприхотливых путешественников.",
    "size": 18,
    "standard_capacity": 2,
    "bedroom_count": 1,
    "living_room_count": 0,
    "bathroom_count": 1,
    "bathroom_type": "P",
    "has_kitchen": false,
    "has_balcony": false
  }
},
{
  "model": "hotels.roomtype",
  "pk": 46,
  "fields": {
    "name": "Люкс для двоих",
    "category": 3,
    "description": "Роскошный люкс для двоих площадью 40 м². Одна просторная спальня и отдельная гостиная. Ванная комната с гидромассажной ванной. Большие окна. Без кухни и балкона, но есть капсульная кофемашина и мини-холодильник. Отличный вариант для медового месяца.",
    "size": 40,
    "standard_capacity": 2,
    "bedroom_count": 1,
    "living_room_count": 1,
    "bathroom_count": 1,
    "bathroom_type": "F",
    "has_kitchen": false,
    "has_balcony": false
  }
},
{
  "model": "hotels.roomtype",
  "pk": 47,
  "fields": {
    "name": "Джуниор сюит с балконом",
    "category": 4,
    "description": "Уютный джуниор сюит площадью 35 м². Одна комната, совмещающая спальню и гостиную. Рассчитан на размещение 2 гостей. Есть балкон. Ванная комната с душем. Без кухни. Идеально для пары, ценящей простор и свежий воздух.",
    "size": 35,
    "standard_capacity": 2,
    "bedroom_count": 1,
    "living_room_count": 0,
    "bathroom_count": 1,
    "bathroom_type": "F",
    "has_kitchen": false,
    "has_balcony": true
  }
},
{
  "model": "hotels.roomtype",
  "pk": 48,
  "fields": {
    "name": "Вторая категория (стандартный)",
    "category": 7,
    "description": "Компактный номер второй категории площадью 9 м². Одна спальня с двуспальной кроватью, рассчитан на 2 гостей. Ванная комната с полным санузлом. Без кухни и балкона. Расположен на верхнем этаже. Идеально для тех, кому нужно просто переночевать в комфорте.",
    "size": 9,
    "standard_capacity": 2,
    "bedroom_count": 1,
    "living_room_count": 0,
    "bathroom_count": 1,
    "bathroom_type": "F",
    "has_kitchen": false,
    "has_balcony": false
  }
},
{
  "model": "hotels.roomtype",
  "pk": 49,
  "fields": {
    "name": "Студия с кухней",
    "category": 5,
    "description": "Светлая студия площадью 63 м² с двумя спальными местами. Открытое пространство, зонированное на спальную и жилую зоны. Маленькая кухня-ниша с плитой и холодильником. Две ванные комнаты. Без балкона. Вид во двор. Отличный выбор для длительного проживания.",
    "size": 63,
    "standard_capacity": 4,
    "bedroom_count": 1,
    "living_room_count": 0,
    "bathroom_count": 2,
    "bathroom_type": "F",
    "has_kitchen": true,
    "has_balcony": false
  }
},
{
  "model": "hotels.roomtype",
  "pk": 50,
  "fields": {
    "name": "Сюит премиум-класса с балконом",
    "category": 1,
    "description": "Эксклюзивный сюит премиум-класса площадью 119 м². Две спальни и гостиная с панорамными окнами. Балкон с видом на город. Ванная комната с джакузи и тропическим душем. Без кухни, но есть мини-бар и зона для чая. Рассчитан на 2 гостей. Идеально для деловых людей и пар.",
    "size": 119,
    "standard_capacity": 2,
    "bedroom_count": 2,
    "living_room_count": 1,
    "bathroom_count": 1,
    "bathroom_type": "F",
    "has_kitchen": false,
    "has_balcony": true
  }
},
{
  "model": "hotels.roomtype",
  "pk": 51,
  "fields": {
    "name": "Четвёртая категория (частичный санузел)",
    "category": 9,
    "description": "Бюджетный номер четвёртой категории площадью 16 м². Одна спальня, рассчитан на 2 гостей. Ванная комната с частичными удобствами (душ, туалет, раковина). Без кухни и балкона. Подходит для тех, кто ищет доступное жильё с базовым комфортом.",
    "size": 16,
    "standard_capacity": 2,
    "bedroom_count": 1,
    "living_room_count": 0,
    "bathroom_count": 1,
    "bathroom_type": "P",
    "has_kitchen": false,
    "has_balcony": false
  }
},
{
  "model": "hotels.roomtype",
  "pk": 52,
  "fields": {
    "name": "Сюит для одного гостя",
    "category": 1,
    "description": "Роскошный сюит для одного гостя площадью 75 м². Две спальни и гостиная — идеальный простор для solo-путешественника. Ванная комната с полным набором. Балкон с видом на город. Без кухни. Отлично подходит для требовательного гостя.",
    "size": 75,
    "standard_capacity": 1,
    "bedroom_count": 2,
    "living_room_count": 1,
    "bathroom_count": 1,
    "bathroom_type": "F",
    "has_kitchen": false,
    "has_balcony": true
  }
},
{
  "model": "hotels.roomtype",
  "pk": 53,
  "fields": {
    "name": "Стандарт (первая категория) с балконом",
    "category": 6,
    "description": "Стандартный номер первой категории площадью 18 м² с одной спальней. Рассчитан на 3 гостей (двуспальная кровать и раскладное кресло). Балкон. Одна ванная комната. Без кухни. Телевизор, холодильник, кондиционер. Хороший вариант для коротких поездок.",
    "size": 18,
    "standard_capacity": 3,
    "bedroom_count": 1,
    "living_room_count": 0,
    "bathroom_count": 1,
    "bathroom_type": "F",
    "has_kitchen": false,
    "has_balcony": true
  }
},
{
  "model": "hotels.roomtype",
  "pk": 54,
  "fields": {
    "name": "Просторная студия на одного",
    "category": 5,
    "description": "Уютная студия на 1 гостя площадью 30 м². Одна спальная зона в открытой планировке. Полностью оборудованная кухня. Одна ванная комната. Без балкона. Идеально для длительного проживания одного человека, любящего готовить.",
    "size": 30,
    "standard_capacity": 1,
    "bedroom_count": 1,
    "living_room_count": 0,
    "bathroom_count": 1,
    "bathroom_type": "F",
    "has_kitchen": true,
    "has_balcony": false
  }
},
{
  "model": "hotels.roomtype",
  "pk": 55,
  "fields": {
    "name": "Третья категория (частичный санузел)",
    "category": 8,
    "description": "Номер третьей категории площадью 12 м² с одной спальней. Рассчитан на 2 гостей. Ванная комната с частичными удобствами (душ, раковина, туалет). Без кухни и балкона. Расположен на верхних этажах. Подходит для бюджетных путешественников, ценящих тишину.",
    "size": 12,
    "standard_capacity": 2,
    "bedroom_count": 1,
    "living_room_count": 0,
    "bathroom_count": 1,
    "bathroom_type": "P",
    "has_kitchen": false,
    "has_balcony": false
  }
},
{
  "model": "hotels.roomtype",
  "pk": 56,
  "fields": {
    "name": "Третья категория (компактный)",
    "category": 8,
    "description": "Компактный номер третьей категории площадью 22 м² с одной спальней и гостиной. Рассчитан на 3 гостей (раскладной диван в гостиной). Одна ванная комната с частичными удобствами (душевая кабина, туалет). Без кухни и балкона. Вариант для неприхотливых гостей, которым нужно только переночевать.",
    "size": 22,
    "standard_capacity": 3,
    "bedroom_count": 1,
    "living_room_count": 1,
    "bathroom_count": 1,
    "bathroom_type": "P",
    "has_kitchen": false,
    "has_balcony": false
  }
},
{
  "model": "hotels.roomtype",
  "pk": 57,
  "fields": {
    "name": "Студия с кухней (большая компания)",
    "category": 5,
    "description": "Просторная студия площадью 40 м². Одна спальная зона с раскладными диванами — рассчитана на 4 гостей. Полностью оборудованная кухня. Одна ванная комната. Без балкона. Центральное расположение. Подходит для компаний, желающих быть в центре событий.",
    "size": 40,
    "standard_capacity": 4,
    "bedroom_count": 1,
    "living_room_count": 0,
    "bathroom_count": 1,
    "bathroom_type": "F",
    "has_kitchen": true,
    "has_balcony": false
  }
},
{
  "model": "hotels.roomtype",
  "pk": 58,
  "fields": {
    "name": "Апартаменты с кухней",
    "category": 2,
    "description": "Комфортабельные апартаменты площадью 65 м² с двумя спальнями и гостиной. Рассчитаны на 5 гостей (дополнительные спальные места — раскладные диваны). Полностью оборудованная кухня, две ванные комнаты. Без балкона. Окна выходят на оживлённую улицу с магазинами и кафе. Отличный выбор для семейного отдыха.",
    "size": 65,
    "standard_capacity": 5,
    "bedroom_count": 2,
    "living_room_count": 1,
    "bathroom_count": 2,
    "bathroom_type": "F",
    "has_kitchen": true,
    "has_balcony": false
  }
},
{
  "model": "hotels.roomtype",
  "pk": 59,
  "fields": {
    "name": "Стандарт (первая категория) с тремя спальнями",
    "category": 6,
    "description": "Стандартный номер первой категории площадью 20 м² с одной спальней. Рассчитан на 3 гостей. Без гостиной и кухни. Без балкона. Расположен в тихом квартале. Кондиционер, телевизор, Wi-Fi. Подходит для небольших групп, которым важна экономичность.",
    "size": 20,
    "standard_capacity": 3,
    "bedroom_count": 1,
    "living_room_count": 0,
    "bathroom_count": 1,
    "bathroom_type": "F",
    "has_kitchen": false,
    "has_balcony": false
  }
},
{
  "model": "hotels.roomtype",
  "pk": 60,
  "fields": {
    "name": "Апартаменты с четырьмя санузлами",
    "category": 2,
    "description": "Просторные апартаменты площадью 69 м² с двумя спальнями и гостиной. Рассчитаны на 4 гостей. Полностью оборудованная кухня, две ванные комнаты. Без балкона. Идеально для компании, желающей жить вместе с максимальным комфортом.",
    "size": 69,
    "standard_capacity": 4,
    "bedroom_count": 2,
    "living_room_count": 1,
    "bathroom_count": 2,
    "bathroom_type": "F",
    "has_kitchen": true,
    "has_balcony": false
  }
},
{
  "model": "hotels.room",
  "pk": 301,
  "fields": {
    "hotel": 16,
    "room_type": 55,
    "bed_count": 2,
    "is_pets_allowed": true,
    "is_smoking_allowed": false,
    "price_per_night": "19114.17",
    "extra_pay_per_person": "9464.07",
    "floor": 1,
    "number_on_floor": 1,
    "variant": null
  }
},
{
  "model": "hotels.room",
  "pk": 302,
  "fields": {
    "hotel": 16,
    "room_type": 51,
    "bed_count": 2,
    "is_pets_allowed": true,
    "is_smoking_allowed": true,
    "price_per_night": "12020.72",
    "extra_pay_per_person": "5934.51",
    "floor": 1,
    "number_on_floor": 2,
    "variant": "A"
  }
},
{
  "model": "hotels.room",
  "pk": 303,
  "fields": {
    "hotel": 16,
    "room_type": 51,
    "bed_count": 2,
    "is_pets_allowed": false,
    "is_smoking_allowed": false,
    "price_per_night": "8799.85",
    "extra_pay_per_person": "2683.19",
    "floor": 1,
    "number_on_floor": 2,
    "variant": "B"
  }
},
{
  "model": "hotels.room",
  "pk": 304,
  "fields": {
    "hotel": 16,
    "room_type": 51,
    "bed_count": 3,
    "is_pets_allowed": false,
    "is_smoking_allowed": false,
    "price_per_night": "10255.18",
    "extra_pay_per_person": "3142.75",
    "floor": 1,
    "number_on_floor": 2,
    "variant": "C"
  }
},
{
  "model": "hotels.room",
  "pk": 305,
  "fields": {
    "hotel": 16,
    "room_type": 51,
    "bed_count": 2,
    "is_pets_allowed": false,
    "is_smoking_allowed": true,
    "price_per_night": "18625.97",
    "extra_pay_per_person": "8020.43",
    "floor": 1,
    "number_on_floor": 3,
    "variant": null
  }
},
{
  "model": "hotels.room",
  "pk": 306,
  "fields": {
    "hotel": 16,
    "room_type": 56,
    "bed_count": 3,
    "is_pets_allowed": false,
    "is_smoking_allowed": false,
    "price_per_night": "9134.33",
    "extra_pay_per_person": "4125.53",
    "floor": 2,
    "number_on_floor": 1,
    "variant": null
  }
},
{
  "model": "hotels.room",
  "pk": 307,
  "fields": {
    "hotel": 16,
    "room_type": 57,
    "bed_count": 4,
    "is_pets_allowed": true,
    "is_smoking_allowed": false,
    "price_per_night": "11318.24",
    "extra_pay_per_person": "4515.27",
    "floor": 2,
    "number_on_floor": 2,
    "variant": null
  }
},
{
  "model": "hotels.room",
  "pk": 308,
  "fields": {
    "hotel": 16,
    "room_type": 53,
    "bed_count": 3,
    "is_pets_allowed": true,
    "is_smoking_allowed": false,
    "price_per_night": "13560.29",
    "extra_pay_per_person": "6154.64",
    "floor": 2,
    "number_on_floor": 3,
    "variant": null
  }
},
{
  "model": "hotels.room",
  "pk": 309,
  "fields": {
    "hotel": 16,
    "room_type": 55,
    "bed_count": 2,
    "is_pets_allowed": false,
    "is_smoking_allowed": false,
    "price_per_night": "3254.85",
    "extra_pay_per_person": "1453.53",
    "floor": 2,
    "number_on_floor": 4,
    "variant": null
  }
},
{
  "model": "hotels.room",
  "pk": 310,
  "fields": {
    "hotel": 16,
    "room_type": 48,
    "bed_count": 2,
    "is_pets_allowed": true,
    "is_smoking_allowed": false,
    "price_per_night": "12171.01",
    "extra_pay_per_person": "3225.67",
    "floor": 2,
    "number_on_floor": 5,
    "variant": "A"
  }
},
{
  "model": "hotels.room",
  "pk": 311,
  "fields": {
    "hotel": 16,
    "room_type": 45,
    "bed_count": 2,
    "is_pets_allowed": true,
    "is_smoking_allowed": false,
    "price_per_night": "11591.35",
    "extra_pay_per_person": "5760.07",
    "floor": 3,
    "number_on_floor": 1,
    "variant": "A"
  }
},
{
  "model": "hotels.room",
  "pk": 312,
  "fields": {
    "hotel": 16,
    "room_type": 45,
    "bed_count": 2,
    "is_pets_allowed": false,
    "is_smoking_allowed": false,
    "price_per_night": "3437.91",
    "extra_pay_per_person": "1436.17",
    "floor": 3,
    "number_on_floor": 2,
    "variant": null
  }
},
{
  "model": "hotels.room",
  "pk": 313,
  "fields": {
    "hotel": 16,
    "room_type": 48,
    "bed_count": 3,
    "is_pets_allowed": false,
    "is_smoking_allowed": false,
    "price_per_night": "19694.57",
    "extra_pay_per_person": "7631.06",
    "floor": 3,
    "number_on_floor": 3,
    "variant": null
  }
},
{
  "model": "hotels.room",
  "pk": 314,
  "fields": {
    "hotel": 16,
    "room_type": 57,
    "bed_count": 4,
    "is_pets_allowed": true,
    "is_smoking_allowed": false,
    "price_per_night": "6790.50",
    "extra_pay_per_person": "2802.10",
    "floor": 3,
    "number_on_floor": 4,
    "variant": "A"
  }
},
{
  "model": "hotels.room",
  "pk": 315,
  "fields": {
    "hotel": 16,
    "room_type": 42,
    "bed_count": 2,
    "is_pets_allowed": true,
    "is_smoking_allowed": false,
    "price_per_night": "13180.87",
    "extra_pay_per_person": "4861.29",
    "floor": 4,
    "number_on_floor": 1,
    "variant": null
  }
},
{
  "model": "hotels.room",
  "pk": 316,
  "fields": {
    "hotel": 16,
    "room_type": 51,
    "bed_count": 2,
    "is_pets_allowed": false,
    "is_smoking_allowed": false,
    "price_per_night": "13590.59",
    "extra_pay_per_person": "6269.25",
    "floor": 4,
    "number_on_floor": 2,
    "variant": null
  }
},
{
  "model": "hotels.room",
  "pk": 317,
  "fields": {
    "hotel": 16,
    "room_type": 43,
    "bed_count": 4,
    "is_pets_allowed": false,
    "is_smoking_allowed": false,
    "price_per_night": "11082.63",
    "extra_pay_per_person": "3461.84",
    "floor": 4,
    "number_on_floor": 3,
    "variant": null
  }
},
{
  "model": "hotels.room",
  "pk": 318,
  "fields": {
    "hotel": 16,
    "room_type": 50,
    "bed_count": 2,
    "is_pets_allowed": false,
    "is_smoking_allowed": false,
    "price_per_night": "1657.14",
    "extra_pay_per_person": "784.26",
    "floor": 4,
    "number_on_floor": 4,
    "variant": null
  }
},
{
  "model": "hotels.room",
  "pk": 319,
  "fields": {
    "hotel": 16,
    "room_type": 49,
    "bed_count": 4,
    "is_pets_allowed": true,
    "is_smoking_allowed": true,
    "price_per_night": "17507.44",
    "extra_pay_per_person": "7218.29",
    "floor": 5,
    "number_on_floor": 1,
    "variant": "A"
  }
},
{
  "model": "hotels.room",
  "pk": 320,
  "fields": {
    "hotel": 16,
    "room_type": 49,
    "bed_count": 5,
    "is_pets_allowed": false,
    "is_smoking_allowed": false,
    "price_per_night": "2358.13",
    "extra_pay_per_person": "1000.74",
    "floor": 5,
    "number_on_floor": 2,
    "variant": null
  }
},
{
  "model": "hotels.room",
  "pk": 321,
  "fields": {
    "hotel": 16,
    "room_type": 47,
    "bed_count": 2,
    "is_pets_allowed": false,
    "is_smoking_allowed": false,
    "price_per_night": "1374.27",
    "extra_pay_per_person": "560.65",
    "floor": 5,
    "number_on_floor": 3,
    "variant": null
  }
},
{
  "model": "hotels.room",
  "pk": 322,
  "fields": {
    "hotel": 16,
    "room_type": 59,
    "bed_count": 3,
    "is_pets_allowed": false,
    "is_smoking_allowed": false,
    "price_per_night": "14013.30",
    "extra_pay_per_person": "6731.01",
    "floor": 5,
    "number_on_floor": 4,
    "variant": "A"
  }
},
{
  "model": "hotels.room",
  "pk": 323,
  "fields": {
    "hotel": 16,
    "room_type": 58,
    "bed_count": 5,
    "is_pets_allowed": false,
    "is_smoking_allowed": false,
    "price_per_night": "951.22",
    "extra_pay_per_person": "326.73",
    "floor": 6,
    "number_on_floor": 1,
    "variant": "A"
  }
},
{
  "model": "hotels.room",
  "pk": 324,
  "fields": {
    "hotel": 16,
    "room_type": 58,
    "bed_count": 6,
    "is_pets_allowed": false,
    "is_smoking_allowed": false,
    "price_per_night": "6872.64",
    "extra_pay_per_person": "2988.49",
    "floor": 6,
    "number_on_floor": 2,
    "variant": null
  }
},
{
  "model": "hotels.room",
  "pk": 325,
  "fields": {
    "hotel": 16,
    "room_type": 51,
    "bed_count": 2,
    "is_pets_allowed": false,
    "is_smoking_allowed": true,
    "price_per_night": "13301.56",
    "extra_pay_per_person": "3722.86",
    "floor": 6,
    "number_on_floor": 3,
    "variant": null
  }
},
{
  "model": "hotels.room",
  "pk": 326,
  "fields": {
    "hotel": 16,
    "room_type": 51,
    "bed_count": 2,
    "is_pets_allowed": false,
    "is_smoking_allowed": true,
    "price_per_night": "12233.41",
    "extra_pay_per_person": "4061.30",
    "floor": 6,
    "number_on_floor": 4,
    "variant": null
  }
},
{
  "model": "hotels.room",
  "pk": 327,
  "fields": {
    "hotel": 16,
    "room_type": 60,
    "bed_count": 4,
    "is_pets_allowed": false,
    "is_smoking_allowed": false,
    "price_per_night": "10785.15",
    "extra_pay_per_person": "3038.01",
    "floor": 7,
    "number_on_floor": 1,
    "variant": null
  }
},
{
  "model": "hotels.room",
  "pk": 328,
  "fields": {
    "hotel": 16,
    "room_type": 56,
    "bed_count": 3,
    "is_pets_allowed": true,
    "is_smoking_allowed": false,
    "price_per_night": "13109.60",
    "extra_pay_per_person": "5671.73",
    "floor": 7,
    "number_on_floor": 2,
    "variant": null
  }
},
{
  "model": "hotels.room",
  "pk": 329,
  "fields": {
    "hotel": 16,
    "room_type": 52,
    "bed_count": 1,
    "is_pets_allowed": true,
    "is_smoking_allowed": false,
    "price_per_night": "15360.44",
    "extra_pay_per_person": "4646.40",
    "floor": 7,
    "number_on_floor": 3,
    "variant": null
  }
},
{
  "model": "hotels.room",
  "pk": 330,
  "fields": {
    "hotel": 16,
    "room_type": 46,
    "bed_count": 2,
    "is_pets_allowed": true,
    "is_smoking_allowed": false,
    "price_per_night": "19938.16",
    "extra_pay_per_person": "7199.54",
    "floor": 7,
    "number_on_floor": 4,
    "variant": null
  }
},
{
  "model": "hotels.room",
  "pk": 331,
  "fields": {
    "hotel": 17,
    "room_type": 56,
    "bed_count": 3,
    "is_pets_allowed": false,
    "is_smoking_allowed": false,
    "price_per_night": "13185.49",
    "extra_pay_per_person": "5924.37",
    "floor": 1,
    "number_on_floor": 1,
    "variant": "A"
  }
},
{
  "model": "hotels.room",
  "pk": 332,
  "fields": {
    "hotel": 17,
    "room_type": 56,
    "bed_count": 4,
    "is_pets_allowed": true,
    "is_smoking_allowed": false,
    "price_per_night": "4363.07",
    "extra_pay_per_person": "1516.27",
    "floor": 1,
    "number_on_floor": 2,
    "variant": null
  }
},
{
  "model": "hotels.room",
  "pk": 333,
  "fields": {
    "hotel": 17,
    "room_type": 49,
    "bed_count": 4,
    "is_pets_allowed": false,
    "is_smoking_allowed": false,
    "price_per_night": "19541.55",
    "extra_pay_per_person": "7093.51",
    "floor": 1,
    "number_on_floor": 3,
    "variant": null
  }
},
{
  "model": "hotels.room",
  "pk": 334,
  "fields": {
    "hotel": 17,
    "room_type": 50,
    "bed_count": 2,
    "is_pets_allowed": false,
    "is_smoking_allowed": false,
    "price_per_night": "19705.61",
    "extra_pay_per_person": "6020.37",
    "floor": 1,
    "number_on_floor": 4,
    "variant": "A"
  }
},
{
  "model": "hotels.room",
  "pk": 335,
  "fields": {
    "hotel": 17,
    "room_type": 50,
    "bed_count": 2,
    "is_pets_allowed": true,
    "is_smoking_allowed": false,
    "price_per_night": "18173.80",
    "extra_pay_per_person": "6769.11",
    "floor": 1,
    "number_on_floor": 4,
    "variant": "B"
  }
},
{
  "model": "hotels.room",
  "pk": 336,
  "fields": {
    "hotel": 17,
    "room_type": 50,
    "bed_count": 3,
    "is_pets_allowed": true,
    "is_smoking_allowed": false,
    "price_per_night": "10115.29",
    "extra_pay_per_person": "2870.09",
    "floor": 1,
    "number_on_floor": 5,
    "variant": null
  }
},
{
  "model": "hotels.room",
  "pk": 337,
  "fields": {
    "hotel": 17,
    "room_type": 49,
    "bed_count": 4,
    "is_pets_allowed": true,
    "is_smoking_allowed": false,
    "price_per_night": "4838.74",
    "extra_pay_per_person": "2263.15",
    "floor": 1,
    "number_on_floor": 6,
    "variant": "A"
  }
},
{
  "model": "hotels.room",
  "pk": 338,
  "fields": {
    "hotel": 17,
    "room_type": 49,
    "bed_count": 5,
    "is_pets_allowed": false,
    "is_smoking_allowed": true,
    "price_per_night": "9367.89",
    "extra_pay_per_person": "4075.84",
    "floor": 1,
    "number_on_floor": 7,
    "variant": null
  }
},
{
  "model": "hotels.room",
  "pk": 339,
  "fields": {
    "hotel": 17,
    "room_type": 51,
    "bed_count": 2,
    "is_pets_allowed": false,
    "is_smoking_allowed": false,
    "price_per_night": "11814.97",
    "extra_pay_per_person": "3978.81",
    "floor": 2,
    "number_on_floor": 1,
    "variant": null
  }
},
{
  "model": "hotels.room",
  "pk": 340,
  "fields": {
    "hotel": 17,
    "room_type": 56,
    "bed_count": 3,
    "is_pets_allowed": true,
    "is_smoking_allowed": false,
    "price_per_night": "16536.08",
    "extra_pay_per_person": "6022.47",
    "floor": 2,
    "number_on_floor": 2,
    "variant": "A"
  }
},
{
  "model": "hotels.room",
  "pk": 341,
  "fields": {
    "hotel": 17,
    "room_type": 56,
    "bed_count": 3,
    "is_pets_allowed": true,
    "is_smoking_allowed": false,
    "price_per_night": "5432.90",
    "extra_pay_per_person": "2503.52",
    "floor": 2,
    "number_on_floor": 3,
    "variant": null
  }
},
{
  "model": "hotels.room",
  "pk": 342,
  "fields": {
    "hotel": 17,
    "room_type": 56,
    "bed_count": 4,
    "is_pets_allowed": true,
    "is_smoking_allowed": true,
    "price_per_night": "1517.77",
    "extra_pay_per_person": "609.23",
    "floor": 2,
    "number_on_floor": 4,
    "variant": null
  }
},
{
  "model": "hotels.room",
  "pk": 343,
  "fields": {
    "hotel": 17,
    "room_type": 56,
    "bed_count": 3,
    "is_pets_allowed": false,
    "is_smoking_allowed": false,
    "price_per_night": "5549.76",
    "extra_pay_per_person": "1444.17",
    "floor": 2,
    "number_on_floor": 5,
    "variant": null
  }
},
{
  "model": "hotels.room",
  "pk": 344,
  "fields": {
    "hotel": 17,
    "room_type": 49,
    "bed_count": 4,
    "is_pets_allowed": true,
    "is_smoking_allowed": false,
    "price_per_night": "11817.21",
    "extra_pay_per_person": "5595.19",
    "floor": 2,
    "number_on_floor": 6,
    "variant": null
  }
},
{
  "model": "hotels.room",
  "pk": 345,
  "fields": {
    "hotel": 17,
    "room_type": 50,
    "bed_count": 2,
    "is_pets_allowed": false,
    "is_smoking_allowed": false,
    "price_per_night": "10031.88",
    "extra_pay_per_person": "2548.15",
    "floor": 2,
    "number_on_floor": 7,
    "variant": null
  }
},
{
  "model": "hotels.room",
  "pk": 346,
  "fields": {
    "hotel": 17,
    "room_type": 59,
    "bed_count": 3,
    "is_pets_allowed": false,
    "is_smoking_allowed": true,
    "price_per_night": "19400.47",
    "extra_pay_per_person": "7589.91",
    "floor": 2,
    "number_on_floor": 8,
    "variant": null
  }
},
{
  "model": "hotels.room",
  "pk": 347,
  "fields": {
    "hotel": 17,
    "room_type": 44,
    "bed_count": 4,
    "is_pets_allowed": false,
    "is_smoking_allowed": true,
    "price_per_night": "16472.21",
    "extra_pay_per_person": "7305.72",
    "floor": 3,
    "number_on_floor": 1,
    "variant": null
  }
},
{
  "model": "hotels.room",
  "pk": 348,
  "fields": {
    "hotel": 17,
    "room_type": 48,
    "bed_count": 2,
    "is_pets_allowed": false,
    "is_smoking_allowed": false,
    "price_per_night": "5755.23",
    "extra_pay_per_person": "2832.88",
    "floor": 3,
    "number_on_floor": 2,
    "variant": null
  }
},
{
  "model": "hotels.room",
  "pk": 349,
  "fields": {
    "hotel": 17,
    "room_type": 51,
    "bed_count": 2,
    "is_pets_allowed": false,
    "is_smoking_allowed": false,
    "price_per_night": "3633.94",
    "extra_pay_per_person": "1290.60",
    "floor": 3,
    "number_on_floor": 3,
    "variant": "A"
  }
},
{
  "model": "hotels.room",
  "pk": 350,
  "fields": {
    "hotel": 17,
    "room_type": 51,
    "bed_count": 2,
    "is_pets_allowed": false,
    "is_smoking_allowed": false,
    "price_per_night": "7355.59",
    "extra_pay_per_person": "2843.99",
    "floor": 3,
    "number_on_floor": 4,
    "variant": null
  }
},
{
  "model": "hotels.room",
  "pk": 351,
  "fields": {
    "hotel": 17,
    "room_type": 50,
    "bed_count": 2,
    "is_pets_allowed": false,
    "is_smoking_allowed": false,
    "price_per_night": "3051.37",
    "extra_pay_per_person": "928.53",
    "floor": 3,
    "number_on_floor": 5,
    "variant": null
  }
},
{
  "model": "hotels.room",
  "pk": 352,
  "fields": {
    "hotel": 17,
    "room_type": 56,
    "bed_count": 3,
    "is_pets_allowed": false,
    "is_smoking_allowed": true,
    "price_per_night": "16966.26",
    "extra_pay_per_person": "8227.46",
    "floor": 3,
    "number_on_floor": 6,
    "variant": "A"
  }
},
{
  "model": "hotels.room",
  "pk": 353,
  "fields": {
    "hotel": 17,
    "room_type": 56,
    "bed_count": 4,
    "is_pets_allowed": false,
    "is_smoking_allowed": false,
    "price_per_night": "4614.02",
    "extra_pay_per_person": "1409.92",
    "floor": 3,
    "number_on_floor": 6,
    "variant": "B"
  }
},
{
  "model": "hotels.room",
  "pk": 354,
  "fields": {
    "hotel": 17,
    "room_type": 56,
    "bed_count": 3,
    "is_pets_allowed": true,
    "is_smoking_allowed": false,
    "price_per_night": "8206.64",
    "extra_pay_per_person": "2446.05",
    "floor": 4,
    "number_on_floor": 1,
    "variant": null
  }
},
{
  "model": "hotels.room",
  "pk": 355,
  "fields": {
    "hotel": 17,
    "room_type": 56,
    "bed_count": 3,
    "is_pets_allowed": true,
    "is_smoking_allowed": false,
    "price_per_night": "17581.42",
    "extra_pay_per_person": "7678.19",
    "floor": 4,
    "number_on_floor": 2,
    "variant": "A"
  }
},
{
  "model": "hotels.room",
  "pk": 356,
  "fields": {
    "hotel": 17,
    "room_type": 56,
    "bed_count": 4,
    "is_pets_allowed": false,
    "is_smoking_allowed": true,
    "price_per_night": "12032.81",
    "extra_pay_per_person": "4621.22",
    "floor": 4,
    "number_on_floor": 2,
    "variant": "B"
  }
},
{
  "model": "hotels.room",
  "pk": 357,
  "fields": {
    "hotel": 17,
    "room_type": 56,
    "bed_count": 3,
    "is_pets_allowed": false,
    "is_smoking_allowed": false,
    "price_per_night": "18687.73",
    "extra_pay_per_person": "7921.44",
    "floor": 4,
    "number_on_floor": 3,
    "variant": null
  }
},
{
  "model": "hotels.room",
  "pk": 358,
  "fields": {
    "hotel": 17,
    "room_type": 54,
    "bed_count": 1,
    "is_pets_allowed": true,
    "is_smoking_allowed": true,
    "price_per_night": "4908.32",
    "extra_pay_per_person": "2391.24",
    "floor": 4,
    "number_on_floor": 4,
    "variant": "A"
  }
},
{
  "model": "hotels.room",
  "pk": 359,
  "fields": {
    "hotel": 17,
    "room_type": 54,
    "bed_count": 1,
    "is_pets_allowed": true,
    "is_smoking_allowed": false,
    "price_per_night": "18738.30",
    "extra_pay_per_person": "7146.68",
    "floor": 4,
    "number_on_floor": 5,
    "variant": null
  }
},
{
  "model": "hotels.room",
  "pk": 360,
  "fields": {
    "hotel": 17,
    "room_type": 59,
    "bed_count": 4,
    "is_pets_allowed": true,
    "is_smoking_allowed": true,
    "price_per_night": "17395.64",
    "extra_pay_per_person": "6866.03",
    "floor": 4,
    "number_on_floor": 6,
    "variant": null
  }
},
{
  "model": "hotels.room",
  "pk": 361,
  "fields": {
    "hotel": 18,
    "room_type": 47,
    "bed_count": 2,
    "is_pets_allowed": false,
    "is_smoking_allowed": false,
    "price_per_night": "1009.66",
    "extra_pay_per_person": "496.77",
    "floor": 1,
    "number_on_floor": 1,
    "variant": null
  }
},
{
  "model": "hotels.room",
  "pk": 362,
  "fields": {
    "hotel": 18,
    "room_type": 51,
    "bed_count": 2,
    "is_pets_allowed": true,
    "is_smoking_allowed": false,
    "price_per_night": "9567.57",
    "extra_pay_per_person": "4238.86",
    "floor": 1,
    "number_on_floor": 2,
    "variant": "A"
  }
},
{
  "model": "hotels.room",
  "pk": 363,
  "fields": {
    "hotel": 18,
    "room_type": 51,
    "bed_count": 2,
    "is_pets_allowed": true,
    "is_smoking_allowed": true,
    "price_per_night": "10620.95",
    "extra_pay_per_person": "3222.83",
    "floor": 1,
    "number_on_floor": 3,
    "variant": null
  }
},
{
  "model": "hotels.room",
  "pk": 364,
  "fields": {
    "hotel": 18,
    "room_type": 55,
    "bed_count": 2,
    "is_pets_allowed": false,
    "is_smoking_allowed": true,
    "price_per_night": "9209.73",
    "extra_pay_per_person": "2666.34",
    "floor": 1,
    "number_on_floor": 4,
    "variant": null
  }
},
{
  "model": "hotels.room",
  "pk": 365,
  "fields": {
    "hotel": 18,
    "room_type": 58,
    "bed_count": 5,
    "is_pets_allowed": true,
    "is_smoking_allowed": true,
    "price_per_night": "12806.21",
    "extra_pay_per_person": "5020.30",
    "floor": 1,
    "number_on_floor": 5,
    "variant": null
  }
},
{
  "model": "hotels.room",
  "pk": 366,
  "fields": {
    "hotel": 18,
    "room_type": 54,
    "bed_count": 1,
    "is_pets_allowed": true,
    "is_smoking_allowed": false,
    "price_per_night": "18225.57",
    "extra_pay_per_person": "5384.36",
    "floor": 1,
    "number_on_floor": 6,
    "variant": null
  }
},
{
  "model": "hotels.room",
  "pk": 367,
  "fields": {
    "hotel": 18,
    "room_type": 41,
    "bed_count": 6,
    "is_pets_allowed": false,
    "is_smoking_allowed": false,
    "price_per_night": "13950.96",
    "extra_pay_per_person": "5847.42",
    "floor": 1,
    "number_on_floor": 7,
    "variant": null
  }
},
{
  "model": "hotels.room",
  "pk": 368,
  "fields": {
    "hotel": 18,
    "room_type": 47,
    "bed_count": 2,
    "is_pets_allowed": false,
    "is_smoking_allowed": false,
    "price_per_night": "14128.93",
    "extra_pay_per_person": "6988.90",
    "floor": 1,
    "number_on_floor": 8,
    "variant": null
  }
},
{
  "model": "hotels.room",
  "pk": 369,
  "fields": {
    "hotel": 18,
    "room_type": 55,
    "bed_count": 3,
    "is_pets_allowed": true,
    "is_smoking_allowed": false,
    "price_per_night": "8762.94",
    "extra_pay_per_person": "3519.69",
    "floor": 1,
    "number_on_floor": 9,
    "variant": null
  }
},
{
  "model": "hotels.room",
  "pk": 370,
  "fields": {
    "hotel": 18,
    "room_type": 46,
    "bed_count": 2,
    "is_pets_allowed": false,
    "is_smoking_allowed": true,
    "price_per_night": "15130.20",
    "extra_pay_per_person": "6396.94",
    "floor": 1,
    "number_on_floor": 10,
    "variant": null
  }
},
{
  "model": "hotels.room",
  "pk": 371,
  "fields": {
    "hotel": 18,
    "room_type": 56,
    "bed_count": 3,
    "is_pets_allowed": false,
    "is_smoking_allowed": true,
    "price_per_night": "10281.56",
    "extra_pay_per_person": "2757.58",
    "floor": 2,
    "number_on_floor": 1,
    "variant": null
  }
},
{
  "model": "hotels.room",
  "pk": 372,
  "fields": {
    "hotel": 18,
    "room_type": 42,
    "bed_count": 2,
    "is_pets_allowed": false,
    "is_smoking_allowed": false,
    "price_per_night": "16265.81",
    "extra_pay_per_person": "7035.54",
    "floor": 2,
    "number_on_floor": 2,
    "variant": null
  }
},
{
  "model": "hotels.room",
  "pk": 373,
  "fields": {
    "hotel": 18,
    "room_type": 49,
    "bed_count": 4,
    "is_pets_allowed": true,
    "is_smoking_allowed": false,
    "price_per_night": "15160.94",
    "extra_pay_per_person": "7093.05",
    "floor": 2,
    "number_on_floor": 3,
    "variant": null
  }
},
{
  "model": "hotels.room",
  "pk": 374,
  "fields": {
    "hotel": 18,
    "room_type": 52,
    "bed_count": 1,
    "is_pets_allowed": false,
    "is_smoking_allowed": false,
    "price_per_night": "4903.27",
    "extra_pay_per_person": "2232.40",
    "floor": 2,
    "number_on_floor": 4,
    "variant": null
  }
},
{
  "model": "hotels.room",
  "pk": 375,
  "fields": {
    "hotel": 18,
    "room_type": 45,
    "bed_count": 2,
    "is_pets_allowed": false,
    "is_smoking_allowed": true,
    "price_per_night": "3007.16",
    "extra_pay_per_person": "1004.92",
    "floor": 2,
    "number_on_floor": 5,
    "variant": null
  }
},
{
  "model": "hotels.room",
  "pk": 376,
  "fields": {
    "hotel": 18,
    "room_type": 51,
    "bed_count": 2,
    "is_pets_allowed": true,
    "is_smoking_allowed": false,
    "price_per_night": "3433.37",
    "extra_pay_per_person": "1423.39",
    "floor": 2,
    "number_on_floor": 6,
    "variant": null
  }
},
{
  "model": "hotels.room",
  "pk": 377,
  "fields": {
    "hotel": 18,
    "room_type": 46,
    "bed_count": 2,
    "is_pets_allowed": true,
    "is_smoking_allowed": false,
    "price_per_night": "10649.27",
    "extra_pay_per_person": "4974.92",
    "floor": 2,
    "number_on_floor": 7,
    "variant": null
  }
},
{
  "model": "hotels.room",
  "pk": 378,
  "fields": {
    "hotel": 18,
    "room_type": 59,
    "bed_count": 3,
    "is_pets_allowed": false,
    "is_smoking_allowed": false,
    "price_per_night": "14535.47",
    "extra_pay_per_person": "5926.11",
    "floor": 2,
    "number_on_floor": 8,
    "variant": "A"
  }
},
{
  "model": "hotels.room",
  "pk": 379,
  "fields": {
    "hotel": 18,
    "room_type": 59,
    "bed_count": 4,
    "is_pets_allowed": false,
    "is_smoking_allowed": false,
    "price_per_night": "6465.72",
    "extra_pay_per_person": "1925.50",
    "floor": 2,
    "number_on_floor": 9,
    "variant": null
  }
},
{
  "model": "hotels.room",
  "pk": 380,
  "fields": {
    "hotel": 18,
    "room_type": 45,
    "bed_count": 2,
    "is_pets_allowed": false,
    "is_smoking_allowed": true,
    "price_per_night": "1198.58",
    "extra_pay_per_person": "462.52",
    "floor": 2,
    "number_on_floor": 10,
    "variant": null
  }
},
{
  "model": "hotels.room",
  "pk": 381,
  "fields": {
    "hotel": 18,
    "room_type": 46,
    "bed_count": 2,
    "is_pets_allowed": true,
    "is_smoking_allowed": false,
    "price_per_night": "15708.92",
    "extra_pay_per_person": "5326.97",
    "floor": 3,
    "number_on_floor": 1,
    "variant": null
  }
},
{
  "model": "hotels.room",
  "pk": 382,
  "fields": {
    "hotel": 18,
    "room_type": 54,
    "bed_count": 1,
    "is_pets_allowed": false,
    "is_smoking_allowed": true,
    "price_per_night": "6543.16",
    "extra_pay_per_person": "2370.84",
    "floor": 3,
    "number_on_floor": 2,
    "variant": null
  }
},
{
  "model": "hotels.room",
  "pk": 383,
  "fields": {
    "hotel": 18,
    "room_type": 46,
    "bed_count": 3,
    "is_pets_allowed": false,
    "is_smoking_allowed": false,
    "price_per_night": "18801.32",
    "extra_pay_per_person": "6777.87",
    "floor": 3,
    "number_on_floor": 3,
    "variant": null
  }
},
{
  "model": "hotels.room",
  "pk": 384,
  "fields": {
    "hotel": 18,
    "room_type": 44,
    "bed_count": 4,
    "is_pets_allowed": true,
    "is_smoking_allowed": true,
    "price_per_night": "8226.48",
    "extra_pay_per_person": "2929.49",
    "floor": 3,
    "number_on_floor": 4,
    "variant": "A"
  }
},
{
  "model": "hotels.room",
  "pk": 385,
  "fields": {
    "hotel": 18,
    "room_type": 44,
    "bed_count": 4,
    "is_pets_allowed": false,
    "is_smoking_allowed": false,
    "price_per_night": "6386.06",
    "extra_pay_per_person": "1927.68",
    "floor": 3,
    "number_on_floor": 5,
    "variant": null
  }
},
{
  "model": "hotels.room",
  "pk": 386,
  "fields": {
    "hotel": 18,
    "room_type": 51,
    "bed_count": 2,
    "is_pets_allowed": false,
    "is_smoking_allowed": true,
    "price_per_night": "19460.33",
    "extra_pay_per_person": "6393.61",
    "floor": 3,
    "number_on_floor": 6,
    "variant": null
  }
},
{
  "model": "hotels.room",
  "pk": 387,
  "fields": {
    "hotel": 18,
    "room_type": 45,
    "bed_count": 2,
    "is_pets_allowed": false,
    "is_smoking_allowed": false,
    "price_per_night": "4165.87",
    "extra_pay_per_person": "1071.03",
    "floor": 3,
    "number_on_floor": 7,
    "variant": "A"
  }
},
{
  "model": "hotels.room",
  "pk": 388,
  "fields": {
    "hotel": 18,
    "room_type": 45,
    "bed_count": 3,
    "is_pets_allowed": false,
    "is_smoking_allowed": false,
    "price_per_night": "985.03",
    "extra_pay_per_person": "439.07",
    "floor": 3,
    "number_on_floor": 8,
    "variant": null
  }
},
{
  "model": "hotels.room",
  "pk": 389,
  "fields": {
    "hotel": 18,
    "room_type": 49,
    "bed_count": 4,
    "is_pets_allowed": false,
    "is_smoking_allowed": false,
    "price_per_night": "17996.89",
    "extra_pay_per_person": "6843.59",
    "floor": 3,
    "number_on_floor": 9,
    "variant": null
  }
},
{
  "model": "hotels.room",
  "pk": 390,
  "fields": {
    "hotel": 18,
    "room_type": 59,
    "bed_count": 3,
    "is_pets_allowed": false,
    "is_smoking_allowed": false,
    "price_per_night": "15242.01",
    "extra_pay_per_person": "5664.09",
    "floor": 3,
    "number_on_floor": 10,
    "variant": null
  }
},
{
  "model": "hotels.room",
  "pk": 391,
  "fields": {
    "hotel": 19,
    "room_type": 48,
    "bed_count": 2,
    "is_pets_allowed": false,
    "is_smoking_allowed": false,
    "price_per_night": "7458.29",
    "extra_pay_per_person": "2868.92",
    "floor": 1,
    "number_on_floor": 1,
    "variant": "A"
  }
},
{
  "model": "hotels.room",
  "pk": 392,
  "fields": {
    "hotel": 19,
    "room_type": 48,
    "bed_count": 2,
    "is_pets_allowed": false,
    "is_smoking_allowed": false,
    "price_per_night": "14892.03",
    "extra_pay_per_person": "7194.27",
    "floor": 1,
    "number_on_floor": 2,
    "variant": null
  }
},
{
  "model": "hotels.room",
  "pk": 393,
  "fields": {
    "hotel": 19,
    "room_type": 56,
    "bed_count": 3,
    "is_pets_allowed": true,
    "is_smoking_allowed": false,
    "price_per_night": "11550.61",
    "extra_pay_per_person": "3142.39",
    "floor": 1,
    "number_on_floor": 3,
    "variant": null
  }
},
{
  "model": "hotels.room",
  "pk": 394,
  "fields": {
    "hotel": 19,
    "room_type": 43,
    "bed_count": 4,
    "is_pets_allowed": false,
    "is_smoking_allowed": true,
    "price_per_night": "4528.43",
    "extra_pay_per_person": "1951.52",
    "floor": 1,
    "number_on_floor": 4,
    "variant": null
  }
},
{
  "model": "hotels.room",
  "pk": 395,
  "fields": {
    "hotel": 19,
    "room_type": 50,
    "bed_count": 2,
    "is_pets_allowed": true,
    "is_smoking_allowed": false,
    "price_per_night": "19383.42",
    "extra_pay_per_person": "7249.87",
    "floor": 1,
    "number_on_floor": 5,
    "variant": "A"
  }
},
{
  "model": "hotels.room",
  "pk": 396,
  "fields": {
    "hotel": 19,
    "room_type": 50,
    "bed_count": 2,
    "is_pets_allowed": false,
    "is_smoking_allowed": false,
    "price_per_night": "3250.17",
    "extra_pay_per_person": "863.62",
    "floor": 1,
    "number_on_floor": 6,
    "variant": null
  }
},
{
  "model": "hotels.room",
  "pk": 397,
  "fields": {
    "hotel": 19,
    "room_type": 49,
    "bed_count": 4,
    "is_pets_allowed": false,
    "is_smoking_allowed": true,
    "price_per_night": "7390.84",
    "extra_pay_per_person": "1981.54",
    "floor": 1,
    "number_on_floor": 7,
    "variant": null
  }
},
{
  "model": "hotels.room",
  "pk": 398,
  "fields": {
    "hotel": 19,
    "room_type": 46,
    "bed_count": 2,
    "is_pets_allowed": true,
    "is_smoking_allowed": false,
    "price_per_night": "13141.62",
    "extra_pay_per_person": "5708.36",
    "floor": 1,
    "number_on_floor": 8,
    "variant": "A"
  }
},
{
  "model": "hotels.room",
  "pk": 399,
  "fields": {
    "hotel": 19,
    "room_type": 46,
    "bed_count": 3,
    "is_pets_allowed": false,
    "is_smoking_allowed": false,
    "price_per_night": "15873.66",
    "extra_pay_per_person": "6572.08",
    "floor": 1,
    "number_on_floor": 9,
    "variant": null
  }
},
{
  "model": "hotels.room",
  "pk": 400,
  "fields": {
    "hotel": 19,
    "room_type": 59,
    "bed_count": 3,
    "is_pets_allowed": false,
    "is_smoking_allowed": false,
    "price_per_night": "3736.58",
    "extra_pay_per_person": "979.72",
    "floor": 1,
    "number_on_floor": 10,
    "variant": null
  }
},
{
  "model": "hotels.room",
  "pk": 401,
  "fields": {
    "hotel": 19,
    "room_type": 57,
    "bed_count": 4,
    "is_pets_allowed": false,
    "is_smoking_allowed": false,
    "price_per_night": "3983.89",
    "extra_pay_per_person": "1967.92",
    "floor": 1,
    "number_on_floor": 11,
    "variant": "A"
  }
},
{
  "model": "hotels.room",
  "pk": 402,
  "fields": {
    "hotel": 19,
    "room_type": 57,
    "bed_count": 5,
    "is_pets_allowed": true,
    "is_smoking_allowed": false,
    "price_per_night": "18126.03",
    "extra_pay_per_person": "8055.80",
    "floor": 1,
    "number_on_floor": 12,
    "variant": null
  }
},
{
  "model": "hotels.room",
  "pk": 403,
  "fields": {
    "hotel": 19,
    "room_type": 55,
    "bed_count": 2,
    "is_pets_allowed": true,
    "is_smoking_allowed": false,
    "price_per_night": "15118.82",
    "extra_pay_per_person": "6336.42",
    "floor": 1,
    "number_on_floor": 13,
    "variant": null
  }
},
{
  "model": "hotels.room",
  "pk": 404,
  "fields": {
    "hotel": 19,
    "room_type": 54,
    "bed_count": 1,
    "is_pets_allowed": false,
    "is_smoking_allowed": false,
    "price_per_night": "18473.65",
    "extra_pay_per_person": "8863.10",
    "floor": 1,
    "number_on_floor": 14,
    "variant": null
  }
},
{
  "model": "hotels.room",
  "pk": 405,
  "fields": {
    "hotel": 19,
    "room_type": 53,
    "bed_count": 3,
    "is_pets_allowed": false,
    "is_smoking_allowed": true,
    "price_per_night": "14424.24",
    "extra_pay_per_person": "6332.19",
    "floor": 1,
    "number_on_floor": 15,
    "variant": null
  }
},
{
  "model": "hotels.room",
  "pk": 406,
  "fields": {
    "hotel": 19,
    "room_type": 42,
    "bed_count": 2,
    "is_pets_allowed": false,
    "is_smoking_allowed": false,
    "price_per_night": "12550.92",
    "extra_pay_per_person": "5521.53",
    "floor": 2,
    "number_on_floor": 1,
    "variant": null
  }
},
{
  "model": "hotels.room",
  "pk": 407,
  "fields": {
    "hotel": 19,
    "room_type": 44,
    "bed_count": 4,
    "is_pets_allowed": false,
    "is_smoking_allowed": false,
    "price_per_night": "14795.42",
    "extra_pay_per_person": "5174.06",
    "floor": 2,
    "number_on_floor": 2,
    "variant": null
  }
},
{
  "model": "hotels.room",
  "pk": 408,
  "fields": {
    "hotel": 19,
    "room_type": 51,
    "bed_count": 2,
    "is_pets_allowed": false,
    "is_smoking_allowed": false,
    "price_per_night": "5975.73",
    "extra_pay_per_person": "2124.34",
    "floor": 2,
    "number_on_floor": 3,
    "variant": null
  }
},
{
  "model": "hotels.room",
  "pk": 409,
  "fields": {
    "hotel": 19,
    "room_type": 53,
    "bed_count": 3,
    "is_pets_allowed": false,
    "is_smoking_allowed": false,
    "price_per_night": "15144.11",
    "extra_pay_per_person": "6969.00",
    "floor": 2,
    "number_on_floor": 4,
    "variant": null
  }
},
{
  "model": "hotels.room",
  "pk": 410,
  "fields": {
    "hotel": 19,
    "room_type": 58,
    "bed_count": 5,
    "is_pets_allowed": false,
    "is_smoking_allowed": false,
    "price_per_night": "10117.91",
    "extra_pay_per_person": "4321.45",
    "floor": 2,
    "number_on_floor": 5,
    "variant": "A"
  }
},
{
  "model": "hotels.room",
  "pk": 411,
  "fields": {
    "hotel": 19,
    "room_type": 58,
    "bed_count": 6,
    "is_pets_allowed": false,
    "is_smoking_allowed": false,
    "price_per_night": "19156.10",
    "extra_pay_per_person": "6064.57",
    "floor": 2,
    "number_on_floor": 6,
    "variant": null
  }
},
{
  "model": "hotels.room",
  "pk": 412,
  "fields": {
    "hotel": 19,
    "room_type": 60,
    "bed_count": 4,
    "is_pets_allowed": false,
    "is_smoking_allowed": false,
    "price_per_night": "16638.70",
    "extra_pay_per_person": "5127.68",
    "floor": 2,
    "number_on_floor": 7,
    "variant": null
  }
},
{
  "model": "hotels.room",
  "pk": 413,
  "fields": {
    "hotel": 19,
    "room_type": 54,
    "bed_count": 1,
    "is_pets_allowed": false,
    "is_smoking_allowed": false,
    "price_per_night": "13268.42",
    "extra_pay_per_person": "4399.84",
    "floor": 2,
    "number_on_floor": 8,
    "variant": null
  }
},
{
  "model": "hotels.room",
  "pk": 414,
  "fields": {
    "hotel": 19,
    "room_type": 42,
    "bed_count": 2,
    "is_pets_allowed": false,
    "is_smoking_allowed": false,
    "price_per_night": "8341.83",
    "extra_pay_per_person": "3611.42",
    "floor": 2,
    "number_on_floor": 9,
    "variant": "A"
  }
},
{
  "model": "hotels.room",
  "pk": 415,
  "fields": {
    "hotel": 19,
    "room_type": 42,
    "bed_count": 2,
    "is_pets_allowed": false,
    "is_smoking_allowed": false,
    "price_per_night": "11763.33",
    "extra_pay_per_person": "5759.42",
    "floor": 2,
    "number_on_floor": 10,
    "variant": null
  }
},
{
  "model": "hotels.room",
  "pk": 416,
  "fields": {
    "hotel": 19,
    "room_type": 52,
    "bed_count": 1,
    "is_pets_allowed": true,
    "is_smoking_allowed": true,
    "price_per_night": "16283.96",
    "extra_pay_per_person": "6136.81",
    "floor": 2,
    "number_on_floor": 11,
    "variant": null
  }
},
{
  "model": "hotels.room",
  "pk": 417,
  "fields": {
    "hotel": 19,
    "room_type": 53,
    "bed_count": 3,
    "is_pets_allowed": false,
    "is_smoking_allowed": false,
    "price_per_night": "11140.42",
    "extra_pay_per_person": "5303.73",
    "floor": 2,
    "number_on_floor": 12,
    "variant": null
  }
},
{
  "model": "hotels.room",
  "pk": 418,
  "fields": {
    "hotel": 19,
    "room_type": 43,
    "bed_count": 5,
    "is_pets_allowed": false,
    "is_smoking_allowed": false,
    "price_per_night": "10341.58",
    "extra_pay_per_person": "3079.42",
    "floor": 2,
    "number_on_floor": 13,
    "variant": null
  }
},
{
  "model": "hotels.room",
  "pk": 419,
  "fields": {
    "hotel": 19,
    "room_type": 53,
    "bed_count": 3,
    "is_pets_allowed": false,
    "is_smoking_allowed": false,
    "price_per_night": "8941.31",
    "extra_pay_per_person": "2447.98",
    "floor": 2,
    "number_on_floor": 14,
    "variant": "A"
  }
},
{
  "model": "hotels.room",
  "pk": 420,
  "fields": {
    "hotel": 19,
    "room_type": 53,
    "bed_count": 4,
    "is_pets_allowed": false,
    "is_smoking_allowed": true,
    "price_per_night": "9271.06",
    "extra_pay_per_person": "3653.73",
    "floor": 2,
    "number_on_floor": 15,
    "variant": null
  }
},
{
  "model": "hotels.room",
  "pk": 421,
  "fields": {
    "hotel": 20,
    "room_type": 60,
    "bed_count": 4,
    "is_pets_allowed": false,
    "is_smoking_allowed": false,
    "price_per_night": "800.65",
    "extra_pay_per_person": "349.58",
    "floor": 1,
    "number_on_floor": 1,
    "variant": null
  }
},
{
  "model": "hotels.room",
  "pk": 422,
  "fields": {
    "hotel": 20,
    "room_type": 45,
    "bed_count": 2,
    "is_pets_allowed": false,
    "is_smoking_allowed": false,
    "price_per_night": "2423.40",
    "extra_pay_per_person": "1152.26",
    "floor": 1,
    "number_on_floor": 2,
    "variant": null
  }
},
{
  "model": "hotels.room",
  "pk": 423,
  "fields": {
    "hotel": 20,
    "room_type": 51,
    "bed_count": 2,
    "is_pets_allowed": false,
    "is_smoking_allowed": false,
    "price_per_night": "11926.73",
    "extra_pay_per_person": "3142.09",
    "floor": 1,
    "number_on_floor": 3,
    "variant": "A"
  }
},
{
  "model": "hotels.room",
  "pk": 424,
  "fields": {
    "hotel": 20,
    "room_type": 51,
    "bed_count": 2,
    "is_pets_allowed": true,
    "is_smoking_allowed": false,
    "price_per_night": "10713.42",
    "extra_pay_per_person": "3791.53",
    "floor": 1,
    "number_on_floor": 3,
    "variant": "B"
  }
},
{
  "model": "hotels.room",
  "pk": 425,
  "fields": {
    "hotel": 20,
    "room_type": 45,
    "bed_count": 2,
    "is_pets_allowed": false,
    "is_smoking_allowed": false,
    "price_per_night": "17086.82",
    "extra_pay_per_person": "5185.55",
    "floor": 2,
    "number_on_floor": 1,
    "variant": null
  }
},
{
  "model": "hotels.room",
  "pk": 426,
  "fields": {
    "hotel": 20,
    "room_type": 47,
    "bed_count": 2,
    "is_pets_allowed": false,
    "is_smoking_allowed": false,
    "price_per_night": "11374.37",
    "extra_pay_per_person": "4095.85",
    "floor": 2,
    "number_on_floor": 2,
    "variant": "A"
  }
},
{
  "model": "hotels.room",
  "pk": 427,
  "fields": {
    "hotel": 20,
    "room_type": 47,
    "bed_count": 2,
    "is_pets_allowed": false,
    "is_smoking_allowed": true,
    "price_per_night": "6597.61",
    "extra_pay_per_person": "2019.94",
    "floor": 2,
    "number_on_floor": 3,
    "variant": null
  }
},
{
  "model": "hotels.room",
  "pk": 428,
  "fields": {
    "hotel": 20,
    "room_type": 55,
    "bed_count": 3,
    "is_pets_allowed": false,
    "is_smoking_allowed": false,
    "price_per_night": "18311.89",
    "extra_pay_per_person": "8498.47",
    "floor": 2,
    "number_on_floor": 4,
    "variant": null
  }
},
{
  "model": "hotels.room",
  "pk": 429,
  "fields": {
    "hotel": 20,
    "room_type": 56,
    "bed_count": 3,
    "is_pets_allowed": false,
    "is_smoking_allowed": false,
    "price_per_night": "13117.84",
    "extra_pay_per_person": "5360.19",
    "floor": 3,
    "number_on_floor": 1,
    "variant": null
  }
},
{
  "model": "hotels.room",
  "pk": 430,
  "fields": {
    "hotel": 20,
    "room_type": 52,
    "bed_count": 1,
    "is_pets_allowed": false,
    "is_smoking_allowed": false,
    "price_per_night": "2550.19",
    "extra_pay_per_person": "1057.94",
    "floor": 3,
    "number_on_floor": 2,
    "variant": "A"
  }
},
{
  "model": "hotels.room",
  "pk": 431,
  "fields": {
    "hotel": 20,
    "room_type": 52,
    "bed_count": 1,
    "is_pets_allowed": false,
    "is_smoking_allowed": true,
    "price_per_night": "18810.37",
    "extra_pay_per_person": "6421.74",
    "floor": 3,
    "number_on_floor": 3,
    "variant": null
  }
},
{
  "model": "hotels.room",
  "pk": 432,
  "fields": {
    "hotel": 20,
    "room_type": 43,
    "bed_count": 4,
    "is_pets_allowed": true,
    "is_smoking_allowed": false,
    "price_per_night": "1567.62",
    "extra_pay_per_person": "678.88",
    "floor": 3,
    "number_on_floor": 4,
    "variant": null
  }
},
{
  "model": "hotels.room",
  "pk": 433,
  "fields": {
    "hotel": 20,
    "room_type": 41,
    "bed_count": 6,
    "is_pets_allowed": false,
    "is_smoking_allowed": false,
    "price_per_night": "19268.60",
    "extra_pay_per_person": "5441.08",
    "floor": 4,
    "number_on_floor": 1,
    "variant": null
  }
},
{
  "model": "hotels.room",
  "pk": 434,
  "fields": {
    "hotel": 20,
    "room_type": 41,
    "bed_count": 7,
    "is_pets_allowed": false,
    "is_smoking_allowed": true,
    "price_per_night": "7107.47",
    "extra_pay_per_person": "2454.73",
    "floor": 4,
    "number_on_floor": 2,
    "variant": null
  }
},
{
  "model": "hotels.room",
  "pk": 435,
  "fields": {
    "hotel": 20,
    "room_type": 41,
    "bed_count": 6,
    "is_pets_allowed": false,
    "is_smoking_allowed": false,
    "price_per_night": "18175.76",
    "extra_pay_per_person": "5197.51",
    "floor": 4,
    "number_on_floor": 3,
    "variant": null
  }
},
{
  "model": "hotels.room",
  "pk": 436,
  "fields": {
    "hotel": 20,
    "room_type": 56,
    "bed_count": 3,
    "is_pets_allowed": true,
    "is_smoking_allowed": false,
    "price_per_night": "18238.93",
    "extra_pay_per_person": "6409.60",
    "floor": 5,
    "number_on_floor": 1,
    "variant": null
  }
},
{
  "model": "hotels.room",
  "pk": 437,
  "fields": {
    "hotel": 20,
    "room_type": 51,
    "bed_count": 2,
    "is_pets_allowed": false,
    "is_smoking_allowed": false,
    "price_per_night": "8398.81",
    "extra_pay_per_person": "3700.64",
    "floor": 5,
    "number_on_floor": 2,
    "variant": null
  }
},
{
  "model": "hotels.room",
  "pk": 438,
  "fields": {
    "hotel": 20,
    "room_type": 46,
    "bed_count": 2,
    "is_pets_allowed": false,
    "is_smoking_allowed": false,
    "price_per_night": "12156.43",
    "extra_pay_per_person": "3921.32",
    "floor": 5,
    "number_on_floor": 3,
    "variant": "A"
  }
},
{
  "model": "hotels.room",
  "pk": 439,
  "fields": {
    "hotel": 20,
    "room_type": 42,
    "bed_count": 2,
    "is_pets_allowed": true,
    "is_smoking_allowed": false,
    "price_per_night": "17780.28",
    "extra_pay_per_person": "5924.80",
    "floor": 6,
    "number_on_floor": 1,
    "variant": "A"
  }
},
{
  "model": "hotels.room",
  "pk": 440,
  "fields": {
    "hotel": 20,
    "room_type": 42,
    "bed_count": 2,
    "is_pets_allowed": false,
    "is_smoking_allowed": true,
    "price_per_night": "14222.67",
    "extra_pay_per_person": "5864.87",
    "floor": 6,
    "number_on_floor": 2,
    "variant": null
  }
},
{
  "model": "hotels.room",
  "pk": 441,
  "fields": {
    "hotel": 20,
    "room_type": 41,
    "bed_count": 6,
    "is_pets_allowed": false,
    "is_smoking_allowed": false,
    "price_per_night": "14891.12",
    "extra_pay_per_person": "4807.58",
    "floor": 6,
    "number_on_floor": 3,
    "variant": null
  }
},
{
  "model": "hotels.room",
  "pk": 442,
  "fields": {
    "hotel": 20,
    "room_type": 46,
    "bed_count": 2,
    "is_pets_allowed": true,
    "is_smoking_allowed": false,
    "price_per_night": "12392.35",
    "extra_pay_per_person": "3274.87",
    "floor": 7,
    "number_on_floor": 1,
    "variant": null
  }
},
{
  "model": "hotels.room",
  "pk": 443,
  "fields": {
    "hotel": 20,
    "room_type": 55,
    "bed_count": 2,
    "is_pets_allowed": true,
    "is_smoking_allowed": true,
    "price_per_night": "3770.54",
    "extra_pay_per_person": "1081.18",
    "floor": 7,
    "number_on_floor": 2,
    "variant": "A"
  }
},
{
  "model": "hotels.room",
  "pk": 444,
  "fields": {
    "hotel": 20,
    "room_type": 55,
    "bed_count": 2,
    "is_pets_allowed": true,
    "is_smoking_allowed": false,
    "price_per_night": "14860.20",
    "extra_pay_per_person": "6959.06",
    "floor": 7,
    "number_on_floor": 3,
    "variant": null
  }
},
{
  "model": "hotels.room",
  "pk": 445,
  "fields": {
    "hotel": 20,
    "room_type": 45,
    "bed_count": 2,
    "is_pets_allowed": false,
    "is_smoking_allowed": false,
    "price_per_night": "18464.45",
    "extra_pay_per_person": "7085.79",
    "floor": 8,
    "number_on_floor": 1,
    "variant": "A"
  }
},
{
  "model": "hotels.room",
  "pk": 446,
  "fields": {
    "hotel": 20,
    "room_type": 45,
    "bed_count": 3,
    "is_pets_allowed": false,
    "is_smoking_allowed": false,
    "price_per_night": "8817.29",
    "extra_pay_per_person": "3512.39",
    "floor": 8,
    "number_on_floor": 2,
    "variant": null
  }
},
{
  "model": "hotels.room",
  "pk": 447,
  "fields": {
    "hotel": 20,
    "room_type": 54,
    "bed_count": 1,
    "is_pets_allowed": false,
    "is_smoking_allowed": true,
    "price_per_night": "12818.33",
    "extra_pay_per_person": "3975.86",
    "floor": 8,
    "number_on_floor": 3,
    "variant": null
  }
},
{
  "model": "hotels.room",
  "pk": 448,
  "fields": {
    "hotel": 20,
    "room_type": 48,
    "bed_count": 2,
    "is_pets_allowed": true,
    "is_smoking_allowed": false,
    "price_per_night": "9957.99",
    "extra_pay_per_person": "4017.56",
    "floor": 9,
    "number_on_floor": 1,
    "variant": null
  }
},
{
  "model": "hotels.room",
  "pk": 449,
  "fields": {
    "hotel": 20,
    "room_type": 48,
    "bed_count": 2,
    "is_pets_allowed": true,
    "is_smoking_allowed": true,
    "price_per_night": "19025.26",
    "extra_pay_per_person": "7387.22",
    "floor": 9,
    "number_on_floor": 2,
    "variant": null
  }
},
{
  "model": "hotels.room",
  "pk": 450,
  "fields": {
    "hotel": 20,
    "room_type": 52,
    "bed_count": 1,
    "is_pets_allowed": false,
    "is_smoking_allowed": false,
    "price_per_night": "18511.46",
    "extra_pay_per_person": "5534.30",
    "floor": 9,
    "number_on_floor": 3,
    "variant": "A"
  }
},
{
  "model": "hotels.roomphoto",
  "pk": 601,
  "fields": {
    "room": 331,
    "photo_url": "https://upload.wikimedia.org/wikipedia/commons/2/23/Delmar_hotel_room_sea_side.jpg",
    "order_number": 1
  }
},
{
  "model": "hotels.roomphoto",
  "pk": 602,
  "fields": {
    "room": 391,
    "photo_url": "https://upload.wikimedia.org/wikipedia/commons/f/ff/Cool_Corner_Room_%285574721196%29.jpg",
    "order_number": 1
  }
},
{
  "model": "hotels.roomphoto",
  "pk": 603,
  "fields": {
    "room": 301,
    "photo_url": "https://upload.wikimedia.org/wikipedia/commons/3/32/Memmelsdorf_3_Kronen_%283%29.JPG",
    "order_number": 1
  }
},
{
  "model": "hotels.roomphoto",
  "pk": 604,
  "fields": {
    "room": 421,
    "photo_url": "https://upload.wikimedia.org/wikipedia/commons/b/b7/MC_%E6%BE%B3%E9%96%80_Macau_%E8%B7%AF%E6%B0%B9_Cotai_Strip_%E5%90%9B%E6%82%85%E9%85%92%E5%BA%97_Grand_Hyatt_Hotel_room_November_2019_SS2_16.jpg",
    "order_number": 1
  }
},
{
  "model": "hotels.roomphoto",
  "pk": 605,
  "fields": {
    "room": 361,
    "photo_url": "https://upload.wikimedia.org/wikipedia/commons/b/b2/29._Bonner_Stammtisch%2C_Petersberg_%28Hotel-Suite_1.OG%29.jpg",
    "order_number": 1
  }
},
{
  "model": "hotels.roomphoto",
  "pk": 606,
  "fields": {
    "room": 302,
    "photo_url": "https://upload.wikimedia.org/wikipedia/commons/5/5a/Haruhay_resort_Mactan_Cebu_Philippines_-_room.jpg",
    "order_number": 1
  }
},
{
  "model": "hotels.roomphoto",
  "pk": 607,
  "fields": {
    "room": 362,
    "photo_url": "https://upload.wikimedia.org/wikipedia/commons/5/5a/Haruhay_resort_Mactan_Cebu_Philippines_-_room.jpg",
    "order_number": 1
  }
},
{
  "model": "hotels.roomphoto",
  "pk": 608,
  "fields": {
    "room": 303,
    "photo_url": "https://upload.wikimedia.org/wikipedia/commons/5/5a/Haruhay_resort_Mactan_Cebu_Philippines_-_room.jpg",
    "order_number": 1
  }
},
{
  "model": "hotels.roomphoto",
  "pk": 609,
  "fields": {
    "room": 304,
    "photo_url": "https://upload.wikimedia.org/wikipedia/commons/5/5a/Haruhay_resort_Mactan_Cebu_Philippines_-_room.jpg",
    "order_number": 1
  }
},
{
  "model": "hotels.roomphoto",
  "pk": 610,
  "fields": {
    "room": 392,
    "photo_url": "https://upload.wikimedia.org/wikipedia/commons/f/ff/Cool_Corner_Room_%285574721196%29.jpg",
    "order_number": 1
  }
},
{
  "model": "hotels.roomphoto",
  "pk": 611,
  "fields": {
    "room": 332,
    "photo_url": "https://upload.wikimedia.org/wikipedia/commons/2/23/Delmar_hotel_room_sea_side.jpg",
    "order_number": 1
  }
},
{
  "model": "hotels.roomphoto",
  "pk": 612,
  "fields": {
    "room": 422,
    "photo_url": "https://upload.wikimedia.org/wikipedia/commons/0/09/Our_hotel_room_%2813357515743%29.jpg",
    "order_number": 1
  }
},
{
  "model": "hotels.roomphoto",
  "pk": 613,
  "fields": {
    "room": 423,
    "photo_url": "https://upload.wikimedia.org/wikipedia/commons/5/5a/Haruhay_resort_Mactan_Cebu_Philippines_-_room.jpg",
    "order_number": 1
  }
},
{
  "model": "hotels.roomphoto",
  "pk": 614,
  "fields": {
    "room": 424,
    "photo_url": "https://upload.wikimedia.org/wikipedia/commons/5/5a/Haruhay_resort_Mactan_Cebu_Philippines_-_room.jpg",
    "order_number": 1
  }
},
{
  "model": "hotels.roomphoto",
  "pk": 615,
  "fields": {
    "room": 363,
    "photo_url": "https://upload.wikimedia.org/wikipedia/commons/5/5a/Haruhay_resort_Mactan_Cebu_Philippines_-_room.jpg",
    "order_number": 1
  }
},
{
  "model": "hotels.roomphoto",
  "pk": 616,
  "fields": {
    "room": 393,
    "photo_url": "https://upload.wikimedia.org/wikipedia/commons/2/23/Delmar_hotel_room_sea_side.jpg",
    "order_number": 1
  }
},
{
  "model": "hotels.roomphoto",
  "pk": 617,
  "fields": {
    "room": 305,
    "photo_url": "https://upload.wikimedia.org/wikipedia/commons/5/5a/Haruhay_resort_Mactan_Cebu_Philippines_-_room.jpg",
    "order_number": 1
  }
},
{
  "model": "hotels.roomphoto",
  "pk": 618,
  "fields": {
    "room": 333,
    "photo_url": "https://upload.wikimedia.org/wikipedia/commons/c/c0/Interior_of_hotel_Hanasaari.jpg",
    "order_number": 1
  }
},
{
  "model": "hotels.roomphoto",
  "pk": 619,
  "fields": {
    "room": 334,
    "photo_url": "https://upload.wikimedia.org/wikipedia/commons/1/14/2011-07-28-Hotel_Katajanokka-by-RalfR-02.jpg",
    "order_number": 1
  }
},
{
  "model": "hotels.roomphoto",
  "pk": 620,
  "fields": {
    "room": 335,
    "photo_url": "https://upload.wikimedia.org/wikipedia/commons/1/14/2011-07-28-Hotel_Katajanokka-by-RalfR-02.jpg",
    "order_number": 1
  }
},
{
  "model": "hotels.roomphoto",
  "pk": 621,
  "fields": {
    "room": 394,
    "photo_url": "https://upload.wikimedia.org/wikipedia/commons/6/6d/Palace_Grand_Hotel_Varese_04.jpg",
    "order_number": 1
  }
},
{
  "model": "hotels.roomphoto",
  "pk": 622,
  "fields": {
    "room": 364,
    "photo_url": "https://upload.wikimedia.org/wikipedia/commons/3/32/Memmelsdorf_3_Kronen_%283%29.JPG",
    "order_number": 1
  }
},
{
  "model": "hotels.roomphoto",
  "pk": 623,
  "fields": {
    "room": 395,
    "photo_url": "https://upload.wikimedia.org/wikipedia/commons/1/14/2011-07-28-Hotel_Katajanokka-by-RalfR-02.jpg",
    "order_number": 1
  }
},
{
  "model": "hotels.roomphoto",
  "pk": 624,
  "fields": {
    "room": 365,
    "photo_url": "https://upload.wikimedia.org/wikipedia/commons/2/20/MC_%E6%BE%B3%E9%96%80_Macau_%E8%B7%AF%E6%B0%B9_Cotai_Strip_%E5%90%9B%E6%82%85%E9%85%92%E5%BA%97_Grand_Hyatt_Hotel_room_November_2019_SS2_13.jpg",
    "order_number": 1
  }
},
{
  "model": "hotels.roomphoto",
  "pk": 625,
  "fields": {
    "room": 336,
    "photo_url": "https://upload.wikimedia.org/wikipedia/commons/1/14/2011-07-28-Hotel_Katajanokka-by-RalfR-02.jpg",
    "order_number": 1
  }
},
{
  "model": "hotels.roomphoto",
  "pk": 626,
  "fields": {
    "room": 337,
    "photo_url": "https://upload.wikimedia.org/wikipedia/commons/c/c0/Interior_of_hotel_Hanasaari.jpg",
    "order_number": 1
  }
},
{
  "model": "hotels.roomphoto",
  "pk": 627,
  "fields": {
    "room": 366,
    "photo_url": "https://upload.wikimedia.org/wikipedia/commons/4/41/Kimpton_Hotel_Monaco_Salt_Lake_City%2C_room_interior.jpg",
    "order_number": 1
  }
},
{
  "model": "hotels.roomphoto",
  "pk": 628,
  "fields": {
    "room": 396,
    "photo_url": "https://upload.wikimedia.org/wikipedia/commons/1/14/2011-07-28-Hotel_Katajanokka-by-RalfR-02.jpg",
    "order_number": 1
  }
},
{
  "model": "hotels.roomphoto",
  "pk": 629,
  "fields": {
    "room": 397,
    "photo_url": "https://upload.wikimedia.org/wikipedia/commons/c/c0/Interior_of_hotel_Hanasaari.jpg",
    "order_number": 1
  }
},
{
  "model": "hotels.roomphoto",
  "pk": 630,
  "fields": {
    "room": 367,
    "photo_url": "https://upload.wikimedia.org/wikipedia/commons/d/db/Interior_of_the_sebel_hotel.jpg",
    "order_number": 1
  }
},
{
  "model": "hotels.roomphoto",
  "pk": 631,
  "fields": {
    "room": 338,
    "photo_url": "https://upload.wikimedia.org/wikipedia/commons/c/c0/Interior_of_hotel_Hanasaari.jpg",
    "order_number": 1
  }
},
{
  "model": "hotels.roomphoto",
  "pk": 632,
  "fields": {
    "room": 398,
    "photo_url": "https://upload.wikimedia.org/wikipedia/commons/1/1d/A_bedroom_of_the_Grand_Hotel_Campo_dei_Fiori.jpg",
    "order_number": 1
  }
},
{
  "model": "hotels.roomphoto",
  "pk": 633,
  "fields": {
    "room": 368,
    "photo_url": "https://upload.wikimedia.org/wikipedia/commons/b/b2/29._Bonner_Stammtisch%2C_Petersberg_%28Hotel-Suite_1.OG%29.jpg",
    "order_number": 1
  }
},
{
  "model": "hotels.roomphoto",
  "pk": 634,
  "fields": {
    "room": 369,
    "photo_url": "https://upload.wikimedia.org/wikipedia/commons/3/32/Memmelsdorf_3_Kronen_%283%29.JPG",
    "order_number": 1
  }
},
{
  "model": "hotels.roomphoto",
  "pk": 635,
  "fields": {
    "room": 399,
    "photo_url": "https://upload.wikimedia.org/wikipedia/commons/1/1d/A_bedroom_of_the_Grand_Hotel_Campo_dei_Fiori.jpg",
    "order_number": 1
  }
},
{
  "model": "hotels.roomphoto",
  "pk": 636,
  "fields": {
    "room": 370,
    "photo_url": "https://upload.wikimedia.org/wikipedia/commons/1/1d/A_bedroom_of_the_Grand_Hotel_Campo_dei_Fiori.jpg",
    "order_number": 1
  }
},
{
  "model": "hotels.roomphoto",
  "pk": 637,
  "fields": {
    "room": 400,
    "photo_url": "https://upload.wikimedia.org/wikipedia/commons/e/e4/Bedroom_hotel_interior_with_open_door_window._%2851536308276%29.jpg",
    "order_number": 1
  }
},
{
  "model": "hotels.roomphoto",
  "pk": 638,
  "fields": {
    "room": 401,
    "photo_url": "https://upload.wikimedia.org/wikipedia/commons/7/7e/Heritage_Machan_Tree_house_hotel_in_Lonavala%2C_India_-_2008.jpg",
    "order_number": 1
  }
},
{
  "model": "hotels.roomphoto",
  "pk": 639,
  "fields": {
    "room": 402,
    "photo_url": "https://upload.wikimedia.org/wikipedia/commons/7/7e/Heritage_Machan_Tree_house_hotel_in_Lonavala%2C_India_-_2008.jpg",
    "order_number": 1
  }
},
{
  "model": "hotels.roomphoto",
  "pk": 640,
  "fields": {
    "room": 403,
    "photo_url": "https://upload.wikimedia.org/wikipedia/commons/3/32/Memmelsdorf_3_Kronen_%283%29.JPG",
    "order_number": 1
  }
},
{
  "model": "hotels.roomphoto",
  "pk": 641,
  "fields": {
    "room": 404,
    "photo_url": "https://upload.wikimedia.org/wikipedia/commons/4/41/Kimpton_Hotel_Monaco_Salt_Lake_City%2C_room_interior.jpg",
    "order_number": 1
  }
},
{
  "model": "hotels.roomphoto",
  "pk": 642,
  "fields": {
    "room": 405,
    "photo_url": "https://upload.wikimedia.org/wikipedia/commons/5/5b/Hall._Hotel_Brosundet._Alesund._Norway.jpg",
    "order_number": 1
  }
},
{
  "model": "hotels.roomphoto",
  "pk": 643,
  "fields": {
    "room": 425,
    "photo_url": "https://upload.wikimedia.org/wikipedia/commons/0/09/Our_hotel_room_%2813357515743%29.jpg",
    "order_number": 1
  }
},
{
  "model": "hotels.roomphoto",
  "pk": 644,
  "fields": {
    "room": 371,
    "photo_url": "https://upload.wikimedia.org/wikipedia/commons/2/23/Delmar_hotel_room_sea_side.jpg",
    "order_number": 1
  }
},
{
  "model": "hotels.roomphoto",
  "pk": 645,
  "fields": {
    "room": 339,
    "photo_url": "https://upload.wikimedia.org/wikipedia/commons/5/5a/Haruhay_resort_Mactan_Cebu_Philippines_-_room.jpg",
    "order_number": 1
  }
},
{
  "model": "hotels.roomphoto",
  "pk": 646,
  "fields": {
    "room": 306,
    "photo_url": "https://upload.wikimedia.org/wikipedia/commons/2/23/Delmar_hotel_room_sea_side.jpg",
    "order_number": 1
  }
},
{
  "model": "hotels.roomphoto",
  "pk": 647,
  "fields": {
    "room": 406,
    "photo_url": "https://upload.wikimedia.org/wikipedia/commons/9/9d/CrownePlaza_Interior_Melbourne.jpg",
    "order_number": 1
  }
},
{
  "model": "hotels.roomphoto",
  "pk": 648,
  "fields": {
    "room": 426,
    "photo_url": "https://upload.wikimedia.org/wikipedia/commons/b/b2/29._Bonner_Stammtisch%2C_Petersberg_%28Hotel-Suite_1.OG%29.jpg",
    "order_number": 1
  }
},
{
  "model": "hotels.roomphoto",
  "pk": 649,
  "fields": {
    "room": 340,
    "photo_url": "https://upload.wikimedia.org/wikipedia/commons/2/23/Delmar_hotel_room_sea_side.jpg",
    "order_number": 1
  }
},
{
  "model": "hotels.roomphoto",
  "pk": 650,
  "fields": {
    "room": 307,
    "photo_url": "https://upload.wikimedia.org/wikipedia/commons/7/7e/Heritage_Machan_Tree_house_hotel_in_Lonavala%2C_India_-_2008.jpg",
    "order_number": 1
  }
},
{
  "model": "hotels.roomphoto",
  "pk": 651,
  "fields": {
    "room": 372,
    "photo_url": "https://upload.wikimedia.org/wikipedia/commons/9/9d/CrownePlaza_Interior_Melbourne.jpg",
    "order_number": 1
  }
},
{
  "model": "hotels.roomphoto",
  "pk": 652,
  "fields": {
    "room": 407,
    "photo_url": "https://upload.wikimedia.org/wikipedia/commons/8/8a/2011-07-28-Hotel_Katajanokka-by-RalfR-01.jpg",
    "order_number": 1
  }
},
{
  "model": "hotels.roomphoto",
  "pk": 653,
  "fields": {
    "room": 308,
    "photo_url": "https://upload.wikimedia.org/wikipedia/commons/5/5b/Hall._Hotel_Brosundet._Alesund._Norway.jpg",
    "order_number": 1
  }
},
{
  "model": "hotels.roomphoto",
  "pk": 654,
  "fields": {
    "room": 341,
    "photo_url": "https://upload.wikimedia.org/wikipedia/commons/2/23/Delmar_hotel_room_sea_side.jpg",
    "order_number": 1
  }
},
{
  "model": "hotels.roomphoto",
  "pk": 655,
  "fields": {
    "room": 408,
    "photo_url": "https://upload.wikimedia.org/wikipedia/commons/5/5a/Haruhay_resort_Mactan_Cebu_Philippines_-_room.jpg",
    "order_number": 1
  }
},
{
  "model": "hotels.roomphoto",
  "pk": 656,
  "fields": {
    "room": 373,
    "photo_url": "https://upload.wikimedia.org/wikipedia/commons/c/c0/Interior_of_hotel_Hanasaari.jpg",
    "order_number": 1
  }
},
{
  "model": "hotels.roomphoto",
  "pk": 657,
  "fields": {
    "room": 427,
    "photo_url": "https://upload.wikimedia.org/wikipedia/commons/b/b2/29._Bonner_Stammtisch%2C_Petersberg_%28Hotel-Suite_1.OG%29.jpg",
    "order_number": 1
  }
},
{
  "model": "hotels.roomphoto",
  "pk": 658,
  "fields": {
    "room": 342,
    "photo_url": "https://upload.wikimedia.org/wikipedia/commons/2/23/Delmar_hotel_room_sea_side.jpg",
    "order_number": 1
  }
},
{
  "model": "hotels.roomphoto",
  "pk": 659,
  "fields": {
    "room": 374,
    "photo_url": "https://upload.wikimedia.org/wikipedia/commons/0/00/2011-07-28-Hotel_Katajanokka-by-RalfR-03.jpg",
    "order_number": 1
  }
},
{
  "model": "hotels.roomphoto",
  "pk": 660,
  "fields": {
    "room": 409,
    "photo_url": "https://upload.wikimedia.org/wikipedia/commons/5/5b/Hall._Hotel_Brosundet._Alesund._Norway.jpg",
    "order_number": 1
  }
},
{
  "model": "hotels.roomphoto",
  "pk": 661,
  "fields": {
    "room": 428,
    "photo_url": "https://upload.wikimedia.org/wikipedia/commons/3/32/Memmelsdorf_3_Kronen_%283%29.JPG",
    "order_number": 1
  }
},
{
  "model": "hotels.roomphoto",
  "pk": 662,
  "fields": {
    "room": 309,
    "photo_url": "https://upload.wikimedia.org/wikipedia/commons/3/32/Memmelsdorf_3_Kronen_%283%29.JPG",
    "order_number": 1
  }
},
{
  "model": "hotels.roomphoto",
  "pk": 663,
  "fields": {
    "room": 310,
    "photo_url": "https://upload.wikimedia.org/wikipedia/commons/f/ff/Cool_Corner_Room_%285574721196%29.jpg",
    "order_number": 1
  }
},
{
  "model": "hotels.roomphoto",
  "pk": 664,
  "fields": {
    "room": 410,
    "photo_url": "https://upload.wikimedia.org/wikipedia/commons/2/20/MC_%E6%BE%B3%E9%96%80_Macau_%E8%B7%AF%E6%B0%B9_Cotai_Strip_%E5%90%9B%E6%82%85%E9%85%92%E5%BA%97_Grand_Hyatt_Hotel_room_November_2019_SS2_13.jpg",
    "order_number": 1
  }
},
{
  "model": "hotels.roomphoto",
  "pk": 665,
  "fields": {
    "room": 375,
    "photo_url": "https://upload.wikimedia.org/wikipedia/commons/0/09/Our_hotel_room_%2813357515743%29.jpg",
    "order_number": 1
  }
},
{
  "model": "hotels.roomphoto",
  "pk": 666,
  "fields": {
    "room": 343,
    "photo_url": "https://upload.wikimedia.org/wikipedia/commons/2/23/Delmar_hotel_room_sea_side.jpg",
    "order_number": 1
  }
},
{
  "model": "hotels.roomphoto",
  "pk": 667,
  "fields": {
    "room": 376,
    "photo_url": "https://upload.wikimedia.org/wikipedia/commons/5/5a/Haruhay_resort_Mactan_Cebu_Philippines_-_room.jpg",
    "order_number": 1
  }
},
{
  "model": "hotels.roomphoto",
  "pk": 668,
  "fields": {
    "room": 411,
    "photo_url": "https://upload.wikimedia.org/wikipedia/commons/2/20/MC_%E6%BE%B3%E9%96%80_Macau_%E8%B7%AF%E6%B0%B9_Cotai_Strip_%E5%90%9B%E6%82%85%E9%85%92%E5%BA%97_Grand_Hyatt_Hotel_room_November_2019_SS2_13.jpg",
    "order_number": 1
  }
},
{
  "model": "hotels.roomphoto",
  "pk": 669,
  "fields": {
    "room": 344,
    "photo_url": "https://upload.wikimedia.org/wikipedia/commons/c/c0/Interior_of_hotel_Hanasaari.jpg",
    "order_number": 1
  }
},
{
  "model": "hotels.roomphoto",
  "pk": 670,
  "fields": {
    "room": 412,
    "photo_url": "https://upload.wikimedia.org/wikipedia/commons/b/b7/MC_%E6%BE%B3%E9%96%80_Macau_%E8%B7%AF%E6%B0%B9_Cotai_Strip_%E5%90%9B%E6%82%85%E9%85%92%E5%BA%97_Grand_Hyatt_Hotel_room_November_2019_SS2_16.jpg",
    "order_number": 1
  }
},
{
  "model": "hotels.roomphoto",
  "pk": 671,
  "fields": {
    "room": 377,
    "photo_url": "https://upload.wikimedia.org/wikipedia/commons/1/1d/A_bedroom_of_the_Grand_Hotel_Campo_dei_Fiori.jpg",
    "order_number": 1
  }
},
{
  "model": "hotels.roomphoto",
  "pk": 672,
  "fields": {
    "room": 345,
    "photo_url": "https://upload.wikimedia.org/wikipedia/commons/1/14/2011-07-28-Hotel_Katajanokka-by-RalfR-02.jpg",
    "order_number": 1
  }
},
{
  "model": "hotels.roomphoto",
  "pk": 673,
  "fields": {
    "room": 378,
    "photo_url": "https://upload.wikimedia.org/wikipedia/commons/e/e4/Bedroom_hotel_interior_with_open_door_window._%2851536308276%29.jpg",
    "order_number": 1
  }
},
{
  "model": "hotels.roomphoto",
  "pk": 674,
  "fields": {
    "room": 346,
    "photo_url": "https://upload.wikimedia.org/wikipedia/commons/e/e4/Bedroom_hotel_interior_with_open_door_window._%2851536308276%29.jpg",
    "order_number": 1
  }
},
{
  "model": "hotels.roomphoto",
  "pk": 675,
  "fields": {
    "room": 413,
    "photo_url": "https://upload.wikimedia.org/wikipedia/commons/4/41/Kimpton_Hotel_Monaco_Salt_Lake_City%2C_room_interior.jpg",
    "order_number": 1
  }
},
{
  "model": "hotels.roomphoto",
  "pk": 676,
  "fields": {
    "room": 414,
    "photo_url": "https://upload.wikimedia.org/wikipedia/commons/9/9d/CrownePlaza_Interior_Melbourne.jpg",
    "order_number": 1
  }
},
{
  "model": "hotels.roomphoto",
  "pk": 677,
  "fields": {
    "room": 379,
    "photo_url": "https://upload.wikimedia.org/wikipedia/commons/e/e4/Bedroom_hotel_interior_with_open_door_window._%2851536308276%29.jpg",
    "order_number": 1
  }
},
{
  "model": "hotels.roomphoto",
  "pk": 678,
  "fields": {
    "room": 415,
    "photo_url": "https://upload.wikimedia.org/wikipedia/commons/9/9d/CrownePlaza_Interior_Melbourne.jpg",
    "order_number": 1
  }
},
{
  "model": "hotels.roomphoto",
  "pk": 679,
  "fields": {
    "room": 380,
    "photo_url": "https://upload.wikimedia.org/wikipedia/commons/0/09/Our_hotel_room_%2813357515743%29.jpg",
    "order_number": 1
  }
},
{
  "model": "hotels.roomphoto",
  "pk": 680,
  "fields": {
    "room": 416,
    "photo_url": "https://upload.wikimedia.org/wikipedia/commons/0/00/2011-07-28-Hotel_Katajanokka-by-RalfR-03.jpg",
    "order_number": 1
  }
},
{
  "model": "hotels.roomphoto",
  "pk": 681,
  "fields": {
    "room": 417,
    "photo_url": "https://upload.wikimedia.org/wikipedia/commons/5/5b/Hall._Hotel_Brosundet._Alesund._Norway.jpg",
    "order_number": 1
  }
},
{
  "model": "hotels.roomphoto",
  "pk": 682,
  "fields": {
    "room": 418,
    "photo_url": "https://upload.wikimedia.org/wikipedia/commons/6/6d/Palace_Grand_Hotel_Varese_04.jpg",
    "order_number": 1
  }
},
{
  "model": "hotels.roomphoto",
  "pk": 683,
  "fields": {
    "room": 419,
    "photo_url": "https://upload.wikimedia.org/wikipedia/commons/5/5b/Hall._Hotel_Brosundet._Alesund._Norway.jpg",
    "order_number": 1
  }
},
{
  "model": "hotels.roomphoto",
  "pk": 684,
  "fields": {
    "room": 420,
    "photo_url": "https://upload.wikimedia.org/wikipedia/commons/5/5b/Hall._Hotel_Brosundet._Alesund._Norway.jpg",
    "order_number": 1
  }
},
{
  "model": "hotels.roomphoto",
  "pk": 685,
  "fields": {
    "room": 311,
    "photo_url": "https://upload.wikimedia.org/wikipedia/commons/0/09/Our_hotel_room_%2813357515743%29.jpg",
    "order_number": 1
  }
},
{
  "model": "hotels.roomphoto",
  "pk": 686,
  "fields": {
    "room": 347,
    "photo_url": "https://upload.wikimedia.org/wikipedia/commons/8/8a/2011-07-28-Hotel_Katajanokka-by-RalfR-01.jpg",
    "order_number": 1
  }
},
{
  "model": "hotels.roomphoto",
  "pk": 687,
  "fields": {
    "room": 381,
    "photo_url": "https://upload.wikimedia.org/wikipedia/commons/1/1d/A_bedroom_of_the_Grand_Hotel_Campo_dei_Fiori.jpg",
    "order_number": 1
  }
},
{
  "model": "hotels.roomphoto",
  "pk": 688,
  "fields": {
    "room": 429,
    "photo_url": "https://upload.wikimedia.org/wikipedia/commons/2/23/Delmar_hotel_room_sea_side.jpg",
    "order_number": 1
  }
},
{
  "model": "hotels.roomphoto",
  "pk": 689,
  "fields": {
    "room": 430,
    "photo_url": "https://upload.wikimedia.org/wikipedia/commons/0/00/2011-07-28-Hotel_Katajanokka-by-RalfR-03.jpg",
    "order_number": 1
  }
},
{
  "model": "hotels.roomphoto",
  "pk": 690,
  "fields": {
    "room": 348,
    "photo_url": "https://upload.wikimedia.org/wikipedia/commons/f/ff/Cool_Corner_Room_%285574721196%29.jpg",
    "order_number": 1
  }
},
{
  "model": "hotels.roomphoto",
  "pk": 691,
  "fields": {
    "room": 312,
    "photo_url": "https://upload.wikimedia.org/wikipedia/commons/0/09/Our_hotel_room_%2813357515743%29.jpg",
    "order_number": 1
  }
},
{
  "model": "hotels.roomphoto",
  "pk": 692,
  "fields": {
    "room": 382,
    "photo_url": "https://upload.wikimedia.org/wikipedia/commons/4/41/Kimpton_Hotel_Monaco_Salt_Lake_City%2C_room_interior.jpg",
    "order_number": 1
  }
},
{
  "model": "hotels.roomphoto",
  "pk": 693,
  "fields": {
    "room": 349,
    "photo_url": "https://upload.wikimedia.org/wikipedia/commons/5/5a/Haruhay_resort_Mactan_Cebu_Philippines_-_room.jpg",
    "order_number": 1
  }
},
{
  "model": "hotels.roomphoto",
  "pk": 694,
  "fields": {
    "room": 313,
    "photo_url": "https://upload.wikimedia.org/wikipedia/commons/f/ff/Cool_Corner_Room_%285574721196%29.jpg",
    "order_number": 1
  }
},
{
  "model": "hotels.roomphoto",
  "pk": 695,
  "fields": {
    "room": 431,
    "photo_url": "https://upload.wikimedia.org/wikipedia/commons/0/00/2011-07-28-Hotel_Katajanokka-by-RalfR-03.jpg",
    "order_number": 1
  }
},
{
  "model": "hotels.roomphoto",
  "pk": 696,
  "fields": {
    "room": 383,
    "photo_url": "https://upload.wikimedia.org/wikipedia/commons/1/1d/A_bedroom_of_the_Grand_Hotel_Campo_dei_Fiori.jpg",
    "order_number": 1
  }
},
{
  "model": "hotels.roomphoto",
  "pk": 697,
  "fields": {
    "room": 384,
    "photo_url": "https://upload.wikimedia.org/wikipedia/commons/8/8a/2011-07-28-Hotel_Katajanokka-by-RalfR-01.jpg",
    "order_number": 1
  }
},
{
  "model": "hotels.roomphoto",
  "pk": 698,
  "fields": {
    "room": 314,
    "photo_url": "https://upload.wikimedia.org/wikipedia/commons/7/7e/Heritage_Machan_Tree_house_hotel_in_Lonavala%2C_India_-_2008.jpg",
    "order_number": 1
  }
},
{
  "model": "hotels.roomphoto",
  "pk": 699,
  "fields": {
    "room": 432,
    "photo_url": "https://upload.wikimedia.org/wikipedia/commons/6/6d/Palace_Grand_Hotel_Varese_04.jpg",
    "order_number": 1
  }
},
{
  "model": "hotels.roomphoto",
  "pk": 700,
  "fields": {
    "room": 350,
    "photo_url": "https://upload.wikimedia.org/wikipedia/commons/5/5a/Haruhay_resort_Mactan_Cebu_Philippines_-_room.jpg",
    "order_number": 1
  }
},
{
  "model": "hotels.roomphoto",
  "pk": 701,
  "fields": {
    "room": 351,
    "photo_url": "https://upload.wikimedia.org/wikipedia/commons/1/14/2011-07-28-Hotel_Katajanokka-by-RalfR-02.jpg",
    "order_number": 1
  }
},
{
  "model": "hotels.roomphoto",
  "pk": 702,
  "fields": {
    "room": 385,
    "photo_url": "https://upload.wikimedia.org/wikipedia/commons/8/8a/2011-07-28-Hotel_Katajanokka-by-RalfR-01.jpg",
    "order_number": 1
  }
},
{
  "model": "hotels.roomphoto",
  "pk": 703,
  "fields": {
    "room": 352,
    "photo_url": "https://upload.wikimedia.org/wikipedia/commons/2/23/Delmar_hotel_room_sea_side.jpg",
    "order_number": 1
  }
},
{
  "model": "hotels.roomphoto",
  "pk": 704,
  "fields": {
    "room": 353,
    "photo_url": "https://upload.wikimedia.org/wikipedia/commons/2/23/Delmar_hotel_room_sea_side.jpg",
    "order_number": 1
  }
},
{
  "model": "hotels.roomphoto",
  "pk": 705,
  "fields": {
    "room": 386,
    "photo_url": "https://upload.wikimedia.org/wikipedia/commons/5/5a/Haruhay_resort_Mactan_Cebu_Philippines_-_room.jpg",
    "order_number": 1
  }
},
{
  "model": "hotels.roomphoto",
  "pk": 706,
  "fields": {
    "room": 387,
    "photo_url": "https://upload.wikimedia.org/wikipedia/commons/0/09/Our_hotel_room_%2813357515743%29.jpg",
    "order_number": 1
  }
},
{
  "model": "hotels.roomphoto",
  "pk": 707,
  "fields": {
    "room": 388,
    "photo_url": "https://upload.wikimedia.org/wikipedia/commons/0/09/Our_hotel_room_%2813357515743%29.jpg",
    "order_number": 1
  }
},
{
  "model": "hotels.roomphoto",
  "pk": 708,
  "fields": {
    "room": 389,
    "photo_url": "https://upload.wikimedia.org/wikipedia/commons/c/c0/Interior_of_hotel_Hanasaari.jpg",
    "order_number": 1
  }
},
{
  "model": "hotels.roomphoto",
  "pk": 709,
  "fields": {
    "room": 390,
    "photo_url": "https://upload.wikimedia.org/wikipedia/commons/e/e4/Bedroom_hotel_interior_with_open_door_window._%2851536308276%29.jpg",
    "order_number": 1
  }
},
{
  "model": "hotels.roomphoto",
  "pk": 710,
  "fields": {
    "room": 354,
    "photo_url": "https://upload.wikimedia.org/wikipedia/commons/2/23/Delmar_hotel_room_sea_side.jpg",
    "order_number": 1
  }
},
{
  "model": "hotels.roomphoto",
  "pk": 711,
  "fields": {
    "room": 315,
    "photo_url": "https://upload.wikimedia.org/wikipedia/commons/9/9d/CrownePlaza_Interior_Melbourne.jpg",
    "order_number": 1
  }
},
{
  "model": "hotels.roomphoto",
  "pk": 712,
  "fields": {
    "room": 433,
    "photo_url": "https://upload.wikimedia.org/wikipedia/commons/d/db/Interior_of_the_sebel_hotel.jpg",
    "order_number": 1
  }
},
{
  "model": "hotels.roomphoto",
  "pk": 713,
  "fields": {
    "room": 355,
    "photo_url": "https://upload.wikimedia.org/wikipedia/commons/2/23/Delmar_hotel_room_sea_side.jpg",
    "order_number": 1
  }
},
{
  "model": "hotels.roomphoto",
  "pk": 714,
  "fields": {
    "room": 356,
    "photo_url": "https://upload.wikimedia.org/wikipedia/commons/2/23/Delmar_hotel_room_sea_side.jpg",
    "order_number": 1
  }
},
{
  "model": "hotels.roomphoto",
  "pk": 715,
  "fields": {
    "room": 316,
    "photo_url": "https://upload.wikimedia.org/wikipedia/commons/5/5a/Haruhay_resort_Mactan_Cebu_Philippines_-_room.jpg",
    "order_number": 1
  }
},
{
  "model": "hotels.roomphoto",
  "pk": 716,
  "fields": {
    "room": 434,
    "photo_url": "https://upload.wikimedia.org/wikipedia/commons/d/db/Interior_of_the_sebel_hotel.jpg",
    "order_number": 1
  }
},
{
  "model": "hotels.roomphoto",
  "pk": 717,
  "fields": {
    "room": 357,
    "photo_url": "https://upload.wikimedia.org/wikipedia/commons/2/23/Delmar_hotel_room_sea_side.jpg",
    "order_number": 1
  }
},
{
  "model": "hotels.roomphoto",
  "pk": 718,
  "fields": {
    "room": 435,
    "photo_url": "https://upload.wikimedia.org/wikipedia/commons/d/db/Interior_of_the_sebel_hotel.jpg",
    "order_number": 1
  }
},
{
  "model": "hotels.roomphoto",
  "pk": 719,
  "fields": {
    "room": 317,
    "photo_url": "https://upload.wikimedia.org/wikipedia/commons/6/6d/Palace_Grand_Hotel_Varese_04.jpg",
    "order_number": 1
  }
},
{
  "model": "hotels.roomphoto",
  "pk": 720,
  "fields": {
    "room": 358,
    "photo_url": "https://upload.wikimedia.org/wikipedia/commons/4/41/Kimpton_Hotel_Monaco_Salt_Lake_City%2C_room_interior.jpg",
    "order_number": 1
  }
},
{
  "model": "hotels.roomphoto",
  "pk": 721,
  "fields": {
    "room": 318,
    "photo_url": "https://upload.wikimedia.org/wikipedia/commons/1/14/2011-07-28-Hotel_Katajanokka-by-RalfR-02.jpg",
    "order_number": 1
  }
},
{
  "model": "hotels.roomphoto",
  "pk": 722,
  "fields": {
    "room": 359,
    "photo_url": "https://upload.wikimedia.org/wikipedia/commons/4/41/Kimpton_Hotel_Monaco_Salt_Lake_City%2C_room_interior.jpg",
    "order_number": 1
  }
},
{
  "model": "hotels.roomphoto",
  "pk": 723,
  "fields": {
    "room": 360,
    "photo_url": "https://upload.wikimedia.org/wikipedia/commons/e/e4/Bedroom_hotel_interior_with_open_door_window._%2851536308276%29.jpg",
    "order_number": 1
  }
},
{
  "model": "hotels.roomphoto",
  "pk": 724,
  "fields": {
    "room": 319,
    "photo_url": "https://upload.wikimedia.org/wikipedia/commons/c/c0/Interior_of_hotel_Hanasaari.jpg",
    "order_number": 1
  }
},
{
  "model": "hotels.roomphoto",
  "pk": 725,
  "fields": {
    "room": 436,
    "photo_url": "https://upload.wikimedia.org/wikipedia/commons/2/23/Delmar_hotel_room_sea_side.jpg",
    "order_number": 1
  }
},
{
  "model": "hotels.roomphoto",
  "pk": 726,
  "fields": {
    "room": 320,
    "photo_url": "https://upload.wikimedia.org/wikipedia/commons/c/c0/Interior_of_hotel_Hanasaari.jpg",
    "order_number": 1
  }
},
{
  "model": "hotels.roomphoto",
  "pk": 727,
  "fields": {
    "room": 437,
    "photo_url": "https://upload.wikimedia.org/wikipedia/commons/5/5a/Haruhay_resort_Mactan_Cebu_Philippines_-_room.jpg",
    "order_number": 1
  }
},
{
  "model": "hotels.roomphoto",
  "pk": 728,
  "fields": {
    "room": 438,
    "photo_url": "https://upload.wikimedia.org/wikipedia/commons/1/1d/A_bedroom_of_the_Grand_Hotel_Campo_dei_Fiori.jpg",
    "order_number": 1
  }
},
{
  "model": "hotels.roomphoto",
  "pk": 729,
  "fields": {
    "room": 321,
    "photo_url": "https://upload.wikimedia.org/wikipedia/commons/b/b2/29._Bonner_Stammtisch%2C_Petersberg_%28Hotel-Suite_1.OG%29.jpg",
    "order_number": 1
  }
},
{
  "model": "hotels.roomphoto",
  "pk": 730,
  "fields": {
    "room": 322,
    "photo_url": "https://upload.wikimedia.org/wikipedia/commons/e/e4/Bedroom_hotel_interior_with_open_door_window._%2851536308276%29.jpg",
    "order_number": 1
  }
},
{
  "model": "hotels.roomphoto",
  "pk": 731,
  "fields": {
    "room": 439,
    "photo_url": "https://upload.wikimedia.org/wikipedia/commons/9/9d/CrownePlaza_Interior_Melbourne.jpg",
    "order_number": 1
  }
},
{
  "model": "hotels.roomphoto",
  "pk": 732,
  "fields": {
    "room": 323,
    "photo_url": "https://upload.wikimedia.org/wikipedia/commons/2/20/MC_%E6%BE%B3%E9%96%80_Macau_%E8%B7%AF%E6%B0%B9_Cotai_Strip_%E5%90%9B%E6%82%85%E9%85%92%E5%BA%97_Grand_Hyatt_Hotel_room_November_2019_SS2_13.jpg",
    "order_number": 1
  }
},
{
  "model": "hotels.roomphoto",
  "pk": 733,
  "fields": {
    "room": 324,
    "photo_url": "https://upload.wikimedia.org/wikipedia/commons/2/20/MC_%E6%BE%B3%E9%96%80_Macau_%E8%B7%AF%E6%B0%B9_Cotai_Strip_%E5%90%9B%E6%82%85%E9%85%92%E5%BA%97_Grand_Hyatt_Hotel_room_November_2019_SS2_13.jpg",
    "order_number": 1
  }
},
{
  "model": "hotels.roomphoto",
  "pk": 734,
  "fields": {
    "room": 440,
    "photo_url": "https://upload.wikimedia.org/wikipedia/commons/9/9d/CrownePlaza_Interior_Melbourne.jpg",
    "order_number": 1
  }
},
{
  "model": "hotels.roomphoto",
  "pk": 735,
  "fields": {
    "room": 325,
    "photo_url": "https://upload.wikimedia.org/wikipedia/commons/5/5a/Haruhay_resort_Mactan_Cebu_Philippines_-_room.jpg",
    "order_number": 1
  }
},
{
  "model": "hotels.roomphoto",
  "pk": 736,
  "fields": {
    "room": 441,
    "photo_url": "https://upload.wikimedia.org/wikipedia/commons/d/db/Interior_of_the_sebel_hotel.jpg",
    "order_number": 1
  }
},
{
  "model": "hotels.roomphoto",
  "pk": 737,
  "fields": {
    "room": 326,
    "photo_url": "https://upload.wikimedia.org/wikipedia/commons/5/5a/Haruhay_resort_Mactan_Cebu_Philippines_-_room.jpg",
    "order_number": 1
  }
},
{
  "model": "hotels.roomphoto",
  "pk": 738,
  "fields": {
    "room": 327,
    "photo_url": "https://upload.wikimedia.org/wikipedia/commons/b/b7/MC_%E6%BE%B3%E9%96%80_Macau_%E8%B7%AF%E6%B0%B9_Cotai_Strip_%E5%90%9B%E6%82%85%E9%85%92%E5%BA%97_Grand_Hyatt_Hotel_room_November_2019_SS2_16.jpg",
    "order_number": 1
  }
},
{
  "model": "hotels.roomphoto",
  "pk": 739,
  "fields": {
    "room": 442,
    "photo_url": "https://upload.wikimedia.org/wikipedia/commons/1/1d/A_bedroom_of_the_Grand_Hotel_Campo_dei_Fiori.jpg",
    "order_number": 1
  }
},
{
  "model": "hotels.roomphoto",
  "pk": 740,
  "fields": {
    "room": 443,
    "photo_url": "https://upload.wikimedia.org/wikipedia/commons/3/32/Memmelsdorf_3_Kronen_%283%29.JPG",
    "order_number": 1
  }
},
{
  "model": "hotels.roomphoto",
  "pk": 741,
  "fields": {
    "room": 328,
    "photo_url": "https://upload.wikimedia.org/wikipedia/commons/2/23/Delmar_hotel_room_sea_side.jpg",
    "order_number": 1
  }
},
{
  "model": "hotels.roomphoto",
  "pk": 742,
  "fields": {
    "room": 329,
    "photo_url": "https://upload.wikimedia.org/wikipedia/commons/0/00/2011-07-28-Hotel_Katajanokka-by-RalfR-03.jpg",
    "order_number": 1
  }
},
{
  "model": "hotels.roomphoto",
  "pk": 743,
  "fields": {
    "room": 444,
    "photo_url": "https://upload.wikimedia.org/wikipedia/commons/3/32/Memmelsdorf_3_Kronen_%283%29.JPG",
    "order_number": 1
  }
},
{
  "model": "hotels.roomphoto",
  "pk": 744,
  "fields": {
    "room": 330,
    "photo_url": "https://upload.wikimedia.org/wikipedia/commons/1/1d/A_bedroom_of_the_Grand_Hotel_Campo_dei_Fiori.jpg",
    "order_number": 1
  }
},
{
  "model": "hotels.roomphoto",
  "pk": 745,
  "fields": {
    "room": 445,
    "photo_url": "https://upload.wikimedia.org/wikipedia/commons/0/09/Our_hotel_room_%2813357515743%29.jpg",
    "order_number": 1
  }
},
{
  "model": "hotels.roomphoto",
  "pk": 746,
  "fields": {
    "room": 446,
    "photo_url": "https://upload.wikimedia.org/wikipedia/commons/0/09/Our_hotel_room_%2813357515743%29.jpg",
    "order_number": 1
  }
},
{
  "model": "hotels.roomphoto",
  "pk": 747,
  "fields": {
    "room": 447,
    "photo_url": "https://upload.wikimedia.org/wikipedia/commons/4/41/Kimpton_Hotel_Monaco_Salt_Lake_City%2C_room_interior.jpg",
    "order_number": 1
  }
},
{
  "model": "hotels.roomphoto",
  "pk": 748,
  "fields": {
    "room": 448,
    "photo_url": "https://upload.wikimedia.org/wikipedia/commons/f/ff/Cool_Corner_Room_%285574721196%29.jpg",
    "order_number": 1
  }
},
{
  "model": "hotels.roomphoto",
  "pk": 749,
  "fields": {
    "room": 449,
    "photo_url": "https://upload.wikimedia.org/wikipedia/commons/f/ff/Cool_Corner_Room_%285574721196%29.jpg",
    "order_number": 1
  }
},
{
  "model": "hotels.roomphoto",
  "pk": 750,
  "fields": {
    "room": 450,
    "photo_url": "https://upload.wikimedia.org/wikipedia/commons/0/00/2011-07-28-Hotel_Katajanokka-by-RalfR-03.jpg",
    "order_number": 1
  }
}
]
