[
{
  "model": "accounts.user",
  "pk": 1,
  "fields": {
    "password": "pbkdf2_sha256$1200000$00xBXo8qTxVQ5uKP1oVAzy$w5g0VP6ArvStRD5Lwvh1/2wtuVJDvwoTnEqWpJdKKRI=",
    "last_login": null,
    "is_active": true,
    "date_joined": "2026-05-04T13:37:14.675Z",
    "email": "kiraksenov@example.net",
    "phone_number": "+73528545159",
    "first_name": "Адриан",
    "middle_name": "Бориславович",
    "last_name": "Копылов",
    "date_of_birth": "1962-03-05",
    "groups": [],
    "user_permissions": []
  }
},
{
  "model": "accounts.user",
  "pk": 2,
  "fields": {
    "password": "pbkdf2_sha256$1200000$5vd9T6sjj8qEVA41PyCoiG$o9s4JYt2sFl+8WVnFOMZ0qbg8HyIw/ZNoIS6OSCSx1E=",
    "last_login": null,
    "is_active": true,
    "date_joined": "2026-05-04T13:37:15.762Z",
    "email": "fvolkova@example.com",
    "phone_number": "+79682194520",
    "first_name": "Александра",
    "middle_name": "Николаевна",
    "last_name": "Ситникова",
    "date_of_birth": "1955-06-04",
    "groups": [],
    "user_permissions": []
  }
},
{
  "model": "accounts.user",
  "pk": 3,
  "fields": {
    "password": "pbkdf2_sha256$1200000$D5uRRg5LszMFCB4L19ZdDn$F5pIk+LgtjGhvw6MfjzTG/S0MyK5EvkGxdMWJgwRucU=",
    "last_login": null,
    "is_active": true,
    "date_joined": "2026-05-04T13:37:16.846Z",
    "email": "veselovamarija@example.org",
    "phone_number": "+79978009652",
    "first_name": "Акулина",
    "middle_name": "Робертовна",
    "last_name": "Семенова",
    "date_of_birth": "1986-05-04",
    "groups": [],
    "user_permissions": []
  }
},
{
  "model": "accounts.user",
  "pk": 4,
  "fields": {
    "password": "pbkdf2_sha256$1200000$6AkqGal7NNAWMt9HLfCcqc$VnOs1lJSMUyHS9UqNZnWd/pAT19THJpFU7lXec8sISY=",
    "last_login": null,
    "is_active": true,
    "date_joined": "2026-05-04T13:37:17.925Z",
    "email": "imorozov@example.org",
    "phone_number": "+78698312745",
    "first_name": "Юлиан",
    "middle_name": "Юлианович",
    "last_name": "Горбунов",
    "date_of_birth": "1994-06-11",
    "groups": [],
    "user_permissions": []
  }
},
{
  "model": "accounts.user",
  "pk": 5,
  "fields": {
    "password": "pbkdf2_sha256$1200000$xVdp1bdd74P4iOfsctXRZN$H7Df5VYgBHMNZ/Y9Fh+8pOBuv0yfCtLLkpyymi/kmOM=",
    "last_login": null,
    "is_active": true,
    "date_joined": "2026-05-04T13:37:19.017Z",
    "email": "ilinradim@example.com",
    "phone_number": "+79013324800",
    "first_name": "Тихон",
    "middle_name": "Ефстафьевич",
    "last_name": "Федоров",
    "date_of_birth": "1982-02-06",
    "groups": [],
    "user_permissions": []
  }
},
{
  "model": "accounts.user",
  "pk": 6,
  "fields": {
    "password": "pbkdf2_sha256$1200000$QvqdPsPFneoIbcsUZhGHT2$jQwiMLG0YU/0380I52rJmiyWh/I1zkP2Z5awU+jcvEo=",
    "last_login": null,
    "is_active": true,
    "date_joined": "2026-05-04T13:37:20.099Z",
    "email": "evgenijalobanova@example.org",
    "phone_number": "+74118784473",
    "first_name": "Марфа",
    "middle_name": "Оскаровна",
    "last_name": "Носова",
    "date_of_birth": "1954-06-05",
    "groups": [],
    "user_permissions": []
  }
},
{
  "model": "accounts.user",
  "pk": 7,
  "fields": {
    "password": "pbkdf2_sha256$1200000$uAxsWsQUEeTjAq8zmHQFsJ$0aj8ECJ6Htk6YdwUg7J1Es77qOsmkFxq20sO+Xb7oBM=",
    "last_login": null,
    "is_active": true,
    "date_joined": "2026-05-04T13:37:21.181Z",
    "email": "dementikudrjavtsev@example.org",
    "phone_number": "+79176023403",
    "first_name": "Лукия",
    "middle_name": "Александровна",
    "last_name": "Лазарева",
    "date_of_birth": "1961-12-28",
    "groups": [],
    "user_permissions": []
  }
},
{
  "model": "accounts.user",
  "pk": 8,
  "fields": {
    "password": "pbkdf2_sha256$1200000$aJMNbfCBOtwPtBbQxvMcDD$L5wjQRgdRLQ1t//Hih67Zy7gBfvZDK+4bJu/aznmuNg=",
    "last_login": null,
    "is_active": true,
    "date_joined": "2026-05-04T13:37:22.308Z",
    "email": "anisimovserge@example.org",
    "phone_number": "+79142997655",
    "first_name": "Анна",
    "middle_name": "Макаровна",
    "last_name": "Ильина",
    "date_of_birth": "1937-05-28",
    "groups": [],
    "user_permissions": []
  }
},
{
  "model": "accounts.user",
  "pk": 9,
  "fields": {
    "password": "pbkdf2_sha256$1200000$i7x0vdcfzKKV37etJdSxIO$n1s0mz1BCSNgDXZ1C6OU+0ASvzf4i9e1LJzOch+Y4Fo=",
    "last_login": null,
    "is_active": true,
    "date_joined": "2026-05-04T13:37:23.418Z",
    "email": "gorde25@example.org",
    "phone_number": "+77470210432",
    "first_name": "Родион",
    "middle_name": "Ануфриевич",
    "last_name": "Медведев",
    "date_of_birth": "1935-04-06",
    "groups": [],
    "user_permissions": []
  }
},
{
  "model": "accounts.user",
  "pk": 10,
  "fields": {
    "password": "pbkdf2_sha256$1200000$mgeQdGqGnoUTxLes8MMd9m$MZ1YqImB58C4hnqNqFkPz0oFmFntCGJ4Grs1TebStXk=",
    "last_login": null,
    "is_active": true,
    "date_joined": "2026-05-04T13:37:24.567Z",
    "email": "bronislav78@example.net",
    "phone_number": "+79920982542",
    "first_name": "Евгения",
    "middle_name": "Харитоновна",
    "last_name": "Кулагина",
    "date_of_birth": "1946-01-07",
    "groups": [],
    "user_permissions": []
  }
},
{
  "model": "accounts.user",
  "pk": 11,
  "fields": {
    "password": "pbkdf2_sha256$1200000$Ezqmb9ow8VxTG23s3HXeEL$xDCn85qQcZhaWo8YIUEQfoWc9NGkxe+wEGaZ+8lPpf4=",
    "last_login": null,
    "is_active": true,
    "date_joined": "2026-05-04T13:37:25.760Z",
    "email": "vladilenseliverstov@example.org",
    "phone_number": "+73528240974",
    "first_name": "Лариса",
    "middle_name": "Станиславовна",
    "last_name": "Воробьева",
    "date_of_birth": "1949-10-20",
    "groups": [],
    "user_permissions": []
  }
},
{
  "model": "accounts.user",
  "pk": 12,
  "fields": {
    "password": "pbkdf2_sha256$1200000$WdheiCbBsl7dH4S80SHZpg$iUMyEVeadYXAgyYE1knjy3TGR4hy6EWwNQDkznfJJQo=",
    "last_login": null,
    "is_active": true,
    "date_joined": "2026-05-04T13:37:26.850Z",
    "email": "leonti_03@example.com",
    "phone_number": "+79430540702",
    "first_name": "Лаврентий",
    "middle_name": "Германович",
    "last_name": "Горбунов",
    "date_of_birth": "1932-11-13",
    "groups": [],
    "user_permissions": []
  }
},
{
  "model": "accounts.user",
  "pk": 13,
  "fields": {
    "password": "pbkdf2_sha256$1200000$7Mgw9A3510ZYgroUXUdcss$RYakd0V1FtfFEJV/Jdl72tdlqDaqrZfiVrE1b4bf3jI=",
    "last_login": null,
    "is_active": true,
    "date_joined": "2026-05-04T13:37:27.959Z",
    "email": "belozerovljubomir@example.net",
    "phone_number": "+77104368552",
    "first_name": "Аверкий",
    "middle_name": "Арсеньевич",
    "last_name": "Журавлев",
    "date_of_birth": "1996-04-03",
    "groups": [],
    "user_permissions": []
  }
},
{
  "model": "accounts.user",
  "pk": 14,
  "fields": {
    "password": "pbkdf2_sha256$1200000$3QxezwSpNRXbBRdKg6vo5n$VXp0UOzU4RpNNJybpKi86T1vsI1ZF9xcJ+Vboq1bgVQ=",
    "last_login": null,
    "is_active": true,
    "date_joined": "2026-05-04T13:37:29.045Z",
    "email": "marina_1981@example.net",
    "phone_number": "+79712486286",
    "first_name": "Дементий",
    "middle_name": "Фомич",
    "last_name": "Логинов",
    "date_of_birth": "1937-05-25",
    "groups": [],
    "user_permissions": []
  }
},
{
  "model": "accounts.user",
  "pk": 15,
  "fields": {
    "password": "pbkdf2_sha256$1200000$e0ASBlb3rCmtPLZ996MBok$XDZ12URcjNfGqBDpGR1GHfer9lS4EaYb90NsFeDPCDU=",
    "last_login": null,
    "is_active": true,
    "date_joined": "2026-05-04T13:37:30.139Z",
    "email": "gerasim_97@example.net",
    "phone_number": "+78694494340",
    "first_name": "Евгения",
    "middle_name": "Геннадьевна",
    "last_name": "Аксенова",
    "date_of_birth": "1995-03-11",
    "groups": [],
    "user_permissions": []
  }
},
{
  "model": "accounts.user",
  "pk": 16,
  "fields": {
    "password": "pbkdf2_sha256$1200000$oPaRABGveiDNI2KHXTdPk2$4BnFtDKVaPqafpp3Lg5EdABsWDN2Q88vdc9rLgB9Zhs=",
    "last_login": null,
    "is_active": true,
    "date_joined": "2026-05-04T13:37:31.225Z",
    "email": "ostromir80@example.net",
    "phone_number": "+79562012501",
    "first_name": "Пров",
    "middle_name": "Феодосьевич",
    "last_name": "Зайцев",
    "date_of_birth": "1984-06-13",
    "groups": [],
    "user_permissions": []
  }
},
{
  "model": "accounts.user",
  "pk": 17,
  "fields": {
    "password": "pbkdf2_sha256$1200000$0kUzAAx7jPtqOTCyhmSHZQ$yf0Yht2Drttd1cphtYkjKo1szILv6weCzWl493CKs3k=",
    "last_login": null,
    "is_active": true,
    "date_joined": "2026-05-04T13:37:32.319Z",
    "email": "fchernov@example.net",
    "phone_number": "+74161636315",
    "first_name": "Феофан",
    "middle_name": "Фёдорович",
    "last_name": "Быков",
    "date_of_birth": "1933-09-28",
    "groups": [],
    "user_permissions": []
  }
},
{
  "model": "accounts.user",
  "pk": 18,
  "fields": {
    "password": "pbkdf2_sha256$1200000$yABdkURwLh7D1yyhso8xF4$zam37gNdVjJZaxtEvnIXSZugpF2mnerjM8YR9lylFAs=",
    "last_login": null,
    "is_active": true,
    "date_joined": "2026-05-04T13:37:33.413Z",
    "email": "nesterovaklavdija@example.net",
    "phone_number": "+78156480054",
    "first_name": "Вадим",
    "middle_name": "Иларионович",
    "last_name": "Терентьев",
    "date_of_birth": "1925-12-18",
    "groups": [],
    "user_permissions": []
  }
},
{
  "model": "accounts.user",
  "pk": 19,
  "fields": {
    "password": "pbkdf2_sha256$1200000$izOvaicSzCNbFE1WLJV5AP$rmLreXVust94M3RfTOMxFiD/b/XTfcm1S+vvGltfA5w=",
    "last_login": null,
    "is_active": true,
    "date_joined": "2026-05-04T13:37:34.568Z",
    "email": "olukin@example.org",
    "phone_number": "+79414206527",
    "first_name": "Милица",
    "middle_name": "Константиновна",
    "last_name": "Лапина",
    "date_of_birth": "1998-01-16",
    "groups": [],
    "user_permissions": []
  }
},
{
  "model": "accounts.user",
  "pk": 20,
  "fields": {
    "password": "pbkdf2_sha256$1200000$iEEszpadZf3dreOcsqmRCJ$Z8JOv3RdY/oZbSCdRBLAh8RxIwvG1aSyf2JheU+qo18=",
    "last_login": null,
    "is_active": true,
    "date_joined": "2026-05-04T13:37:35.667Z",
    "email": "mitofan_78@example.com",
    "phone_number": "+73652042621",
    "first_name": "Надежда",
    "middle_name": "Владиславовна",
    "last_name": "Селезнева",
    "date_of_birth": "1926-12-25",
    "groups": [],
    "user_permissions": []
  }
},
{
  "model": "accounts.user",
  "pk": 21,
  "fields": {
    "password": "pbkdf2_sha256$1200000$k7oiYC86lEpwvOz6a6auSH$WVO0g0koPwSLygScUx8ygwmHHnwtOtjFofJpM2+DNAk=",
    "last_login": null,
    "is_active": true,
    "date_joined": "2026-05-04T13:37:36.760Z",
    "email": "harlampi_1973@example.net",
    "phone_number": "+79880567157",
    "first_name": "Ювеналий",
    "middle_name": "Владиленович",
    "last_name": "Рогов",
    "date_of_birth": "1966-03-04",
    "groups": [],
    "user_permissions": []
  }
},
{
  "model": "accounts.user",
  "pk": 22,
  "fields": {
    "password": "pbkdf2_sha256$1200000$K870LnqLNY3dSVZf78l9Dp$Rp7d/Okc+aRsS9Updm7hPkXQtpmVUbmWoyp2y4+P4C4=",
    "last_login": null,
    "is_active": true,
    "date_joined": "2026-05-04T13:37:37.842Z",
    "email": "evlampi63@example.com",
    "phone_number": "+77646383647",
    "first_name": "Елизавета",
    "middle_name": "Антоновна",
    "last_name": "Юдина",
    "date_of_birth": "1931-06-14",
    "groups": [],
    "user_permissions": []
  }
},
{
  "model": "accounts.user",
  "pk": 23,
  "fields": {
    "password": "pbkdf2_sha256$1200000$Tfylvtf2w2Qbu8x2UY09xk$7oVWxKROBOHBoNVxFMTiv2sV13Tk+X5YZh/fYoLFev8=",
    "last_login": null,
    "is_active": true,
    "date_joined": "2026-05-04T13:37:38.931Z",
    "email": "longinosipov@example.net",
    "phone_number": "+79403619590",
    "first_name": "Чеслав",
    "middle_name": "Исидорович",
    "last_name": "Калинин",
    "date_of_birth": "1974-06-18",
    "groups": [],
    "user_permissions": []
  }
},
{
  "model": "accounts.user",
  "pk": 24,
  "fields": {
    "password": "pbkdf2_sha256$1200000$Elxkcw4QgupHY0Tbngj1ol$2YbKWJ7o5yTdsoBqXKwAWoEsMKyAnGyMGIMErMTlcRg=",
    "last_login": null,
    "is_active": true,
    "date_joined": "2026-05-04T13:37:40.018Z",
    "email": "sergeevmoke@example.org",
    "phone_number": "+79748509447",
    "first_name": "Полина",
    "middle_name": "Архиповна",
    "last_name": "Рябова",
    "date_of_birth": "1952-07-09",
    "groups": [],
    "user_permissions": []
  }
},
{
  "model": "accounts.user",
  "pk": 25,
  "fields": {
    "password": "pbkdf2_sha256$1200000$BRXZDl9nqQxOKPbcsDoGAk$0a4SeOddVEXIVxKxVcp9b/B5TrvAqCSXTXFyeiiIeXU=",
    "last_login": null,
    "is_active": true,
    "date_joined": "2026-05-04T13:37:41.107Z",
    "email": "savvati_2011@example.org",
    "phone_number": "+74136032236",
    "first_name": "Ксения",
    "middle_name": "Робертовна",
    "last_name": "Шашкова",
    "date_of_birth": "1969-01-12",
    "groups": [],
    "user_permissions": []
  }
},
{
  "model": "accounts.user",
  "pk": 26,
  "fields": {
    "password": "pbkdf2_sha256$1200000$OJN4LyyxJK2ke0S1AoXfcR$K+N42N67i9o56Qovitt21CV7F1kdf1+XsLEOcYuAJdI=",
    "last_login": null,
    "is_active": true,
    "date_joined": "2026-05-04T13:37:42.209Z",
    "email": "elenadanilova@example.com",
    "phone_number": "+78043836133",
    "first_name": "Валентин",
    "middle_name": "Адамович",
    "last_name": "Никифоров",
    "date_of_birth": "1922-09-13",
    "groups": [],
    "user_permissions": []
  }
},
{
  "model": "accounts.user",
  "pk": 27,
  "fields": {
    "password": "pbkdf2_sha256$1200000$hgNBjD4etJiBvLAq70OhBw$MMOclo7wpsJt/xH1MMZkodQrFkdHBX97ByWTCrPjrtY=",
    "last_login": null,
    "is_active": true,
    "date_joined": "2026-05-04T13:37:43.307Z",
    "email": "fokinvsemil@example.org",
    "phone_number": "+73912287437",
    "first_name": "Елизавета",
    "middle_name": "Викторовна",
    "last_name": "Шарова",
    "date_of_birth": "2001-01-23",
    "groups": [],
    "user_permissions": []
  }
},
{
  "model": "accounts.user",
  "pk": 28,
  "fields": {
    "password": "pbkdf2_sha256$1200000$RH8eiKT8KSHnvvy49KgFck$XdYvT4xhj384dueiqCLDbCvNY+1d6THe5I3nUu8ghNA=",
    "last_login": null,
    "is_active": true,
    "date_joined": "2026-05-04T13:37:44.392Z",
    "email": "titovaoksana@example.com",
    "phone_number": "+77213886555",
    "first_name": "Иванна",
    "middle_name": "Геннадиевна",
    "last_name": "Орлова",
    "date_of_birth": "1975-07-11",
    "groups": [],
    "user_permissions": []
  }
},
{
  "model": "accounts.user",
  "pk": 29,
  "fields": {
    "password": "pbkdf2_sha256$1200000$OLF9MVcJIszEQnDOgo0ced$mSs2xMjXksfpSTM4GDii6p+Fqf8xdtxHjMt1Im4Kogc=",
    "last_login": null,
    "is_active": true,
    "date_joined": "2026-05-04T13:37:45.481Z",
    "email": "anastasijamuraveva@example.net",
    "phone_number": "+74953562189",
    "first_name": "Харлампий",
    "middle_name": "Викентьевич",
    "last_name": "Романов",
    "date_of_birth": "1955-01-04",
    "groups": [],
    "user_permissions": []
  }
},
{
  "model": "accounts.user",
  "pk": 30,
  "fields": {
    "password": "pbkdf2_sha256$1200000$3bQyPuRTj3QTlFShodYBt7$6mMfnruTszum1ume23gw0AGI4RIea07rfAYiYj+i3Qg=",
    "last_login": null,
    "is_active": true,
    "date_joined": "2026-05-04T13:37:46.566Z",
    "email": "militsabelova@example.net",
    "phone_number": "+79324482899",
    "first_name": "Вероника",
    "middle_name": "Георгиевна",
    "last_name": "Дементьева",
    "date_of_birth": "1974-11-16",
    "groups": [],
    "user_permissions": []
  }
},
{
  "model": "accounts.user",
  "pk": 31,
  "fields": {
    "password": "pbkdf2_sha256$1200000$tUj52lE2mVAwqdNjdgg4Cs$qe8VTGrk1fGtaCdG/0M1EnPBjtRRqE/iU2Iq9OPWHu4=",
    "last_login": null,
    "is_active": true,
    "date_joined": "2026-05-04T13:39:02.636Z",
    "email": "popovkuzma@example.org",
    "phone_number": "+79015101194",
    "first_name": "Ираида",
    "middle_name": "Вячеславовна",
    "last_name": "Рогова",
    "date_of_birth": "1951-05-18",
    "groups": [],
    "user_permissions": []
  }
},
{
  "model": "accounts.user",
  "pk": 32,
  "fields": {
    "password": "pbkdf2_sha256$1200000$bhthtoMHYqwRMOwVtNqGnQ$Hgvc/yHH1Kr6sqVVPMcpOeIuaXdJetUbeQQveEMB574=",
    "last_login": null,
    "is_active": true,
    "date_joined": "2026-05-04T13:39:03.721Z",
    "email": "isidor_2005@example.net",
    "phone_number": "+78565246702",
    "first_name": "Ян",
    "middle_name": "Бенедиктович",
    "last_name": "Субботин",
    "date_of_birth": "1919-01-27",
    "groups": [],
    "user_permissions": []
  }
},
{
  "model": "accounts.user",
  "pk": 33,
  "fields": {
    "password": "pbkdf2_sha256$1200000$a4mLTcUbUC0357Ib7oYNev$H+nQWcn0Y7FwVZ+VyMbOJWF/pSR9vBHmcr6OXPYcsBU=",
    "last_login": null,
    "is_active": true,
    "date_joined": "2026-05-04T13:39:04.799Z",
    "email": "kirillovamaja@example.net",
    "phone_number": "+78123447006",
    "first_name": "Евфросиния",
    "middle_name": "Тимуровна",
    "last_name": "Кулакова",
    "date_of_birth": "1954-01-05",
    "groups": [],
    "user_permissions": []
  }
},
{
  "model": "accounts.user",
  "pk": 34,
  "fields": {
    "password": "pbkdf2_sha256$1200000$W9mDeVLzfd6A5al3Dz1Eje$wSzxFPzYMqVZ7LbX33UZLsESoFPrEjFyZFv6KXNJ758=",
    "last_login": null,
    "is_active": true,
    "date_joined": "2026-05-04T13:39:05.879Z",
    "email": "antipavdeev@example.com",
    "phone_number": "+74942778693",
    "first_name": "Тамара",
    "middle_name": "Максимовна",
    "last_name": "Галкина",
    "date_of_birth": "1933-09-09",
    "groups": [],
    "user_permissions": []
  }
},
{
  "model": "accounts.user",
  "pk": 35,
  "fields": {
    "password": "pbkdf2_sha256$1200000$L4EBjAprPH35XwapoUYkAI$VdBzPOHiF9xGTa4zAKevbQ/BTdV8Nvi5o7UM9e50ji8=",
    "last_login": null,
    "is_active": true,
    "date_joined": "2026-05-04T13:39:06.954Z",
    "email": "paramon1999@example.com",
    "phone_number": "+78099619586",
    "first_name": "Глафира",
    "middle_name": "Антоновна",
    "last_name": "Суворова",
    "date_of_birth": "1986-07-31",
    "groups": [],
    "user_permissions": []
  }
},
{
  "model": "accounts.user",
  "pk": 40,
  "fields": {
    "password": "pbkdf2_sha256$1200000$TXrEM9EE2rX9hlMFFzs2KD$ZWt4n1/Usn6xoVm+Xj4MWY52s7K7hB/zAWXuL1GhB9s=",
    "last_login": "2026-05-04T14:05:32.228Z",
    "is_active": true,
    "date_joined": "2026-05-04T13:40:26.350Z",
    "email": "solomon1998@example.com",
    "phone_number": "+79752732930",
    "first_name": "Иванна",
    "middle_name": "Дмитриевна",
    "last_name": "Рябова",
    "date_of_birth": "1947-01-26",
    "groups": [],
    "user_permissions": []
  }
},
{
  "model": "accounts.user",
  "pk": 41,
  "fields": {
    "password": "pbkdf2_sha256$1200000$SC13JMGdE3ny5BDBpqSBa6$uD946Zph3/hSqpZx2UioK9KXXt6TMlIFODZux6zDIps=",
    "last_login": null,
    "is_active": true,
    "date_joined": "2026-05-04T13:40:27.427Z",
    "email": "bogdanovakim@example.net",
    "phone_number": "+77009901694",
    "first_name": "Климент",
    "middle_name": "Харлампьевич",
    "last_name": "Орехов",
    "date_of_birth": "1933-01-12",
    "groups": [],
    "user_permissions": []
  }
},
{
  "model": "accounts.guest",
  "pk": 1,
  "fields": {
    "user": 1
  }
},
{
  "model": "accounts.guest",
  "pk": 2,
  "fields": {
    "user": 2
  }
},
{
  "model": "accounts.guest",
  "pk": 3,
  "fields": {
    "user": 3
  }
},
{
  "model": "accounts.guest",
  "pk": 4,
  "fields": {
    "user": 4
  }
},
{
  "model": "accounts.guest",
  "pk": 5,
  "fields": {
    "user": 5
  }
},
{
  "model": "accounts.guest",
  "pk": 6,
  "fields": {
    "user": 6
  }
},
{
  "model": "accounts.guest",
  "pk": 7,
  "fields": {
    "user": 7
  }
},
{
  "model": "accounts.guest",
  "pk": 8,
  "fields": {
    "user": 8
  }
},
{
  "model": "accounts.guest",
  "pk": 9,
  "fields": {
    "user": 9
  }
},
{
  "model": "accounts.guest",
  "pk": 10,
  "fields": {
    "user": 10
  }
},
{
  "model": "accounts.guest",
  "pk": 11,
  "fields": {
    "user": 11
  }
},
{
  "model": "accounts.guest",
  "pk": 12,
  "fields": {
    "user": 12
  }
},
{
  "model": "accounts.guest",
  "pk": 13,
  "fields": {
    "user": 13
  }
},
{
  "model": "accounts.guest",
  "pk": 14,
  "fields": {
    "user": 14
  }
},
{
  "model": "accounts.guest",
  "pk": 15,
  "fields": {
    "user": 15
  }
},
{
  "model": "accounts.guest",
  "pk": 16,
  "fields": {
    "user": 16
  }
},
{
  "model": "accounts.guest",
  "pk": 17,
  "fields": {
    "user": 17
  }
},
{
  "model": "accounts.guest",
  "pk": 18,
  "fields": {
    "user": 18
  }
},
{
  "model": "accounts.guest",
  "pk": 19,
  "fields": {
    "user": 19
  }
},
{
  "model": "accounts.guest",
  "pk": 20,
  "fields": {
    "user": 20
  }
},
{
  "model": "accounts.guest",
  "pk": 21,
  "fields": {
    "user": 21
  }
},
{
  "model": "accounts.guest",
  "pk": 22,
  "fields": {
    "user": 22
  }
},
{
  "model": "accounts.guest",
  "pk": 23,
  "fields": {
    "user": 23
  }
},
{
  "model": "accounts.guest",
  "pk": 24,
  "fields": {
    "user": 24
  }
},
{
  "model": "accounts.guest",
  "pk": 25,
  "fields": {
    "user": 25
  }
},
{
  "model": "accounts.guest",
  "pk": 26,
  "fields": {
    "user": 26
  }
},
{
  "model": "accounts.guest",
  "pk": 27,
  "fields": {
    "user": 27
  }
},
{
  "model": "accounts.guest",
  "pk": 28,
  "fields": {
    "user": 28
  }
},
{
  "model": "accounts.guest",
  "pk": 29,
  "fields": {
    "user": 29
  }
},
{
  "model": "accounts.guest",
  "pk": 30,
  "fields": {
    "user": 30
  }
},
{
  "model": "accounts.moderator",
  "pk": 1,
  "fields": {
    "user": 31
  }
},
{
  "model": "accounts.moderator",
  "pk": 2,
  "fields": {
    "user": 32
  }
},
{
  "model": "accounts.moderator",
  "pk": 3,
  "fields": {
    "user": 33
  }
},
{
  "model": "accounts.moderator",
  "pk": 4,
  "fields": {
    "user": 34
  }
},
{
  "model": "accounts.moderator",
  "pk": 5,
  "fields": {
    "user": 35
  }
},
{
  "model": "accounts.administrator",
  "pk": 1,
  "fields": {
    "user": 40
  }
},
{
  "model": "accounts.administrator",
  "pk": 2,
  "fields": {
    "user": 41
  }
}
]
